链接,地址,户型,面积,价格
https://cd.lianjia.com/chengjiao/106106485202.html,建设南新路61号,3室1厅,84.89平米,90万
https://cd.lianjia.com/chengjiao/106106557405.html,高地,3室2厅,111.82平米,224万
https://cd.lianjia.com/chengjiao/106106107575.html,首创爱这城一二期,3室2厅,117.33平米,210万
https://cd.lianjia.com/chengjiao/106106625288.html,万科金域蓝岸,3室2厅,89.32平米,210万
https://cd.lianjia.com/chengjiao/106105070615.html,太阳公元一期,1室1厅,62.38平米,165万
https://cd.lianjia.com/chengjiao/106104195931.html,和信融锦云湾,2室1厅,76.31平米,145万
https://cd.lianjia.com/chengjiao/106104686855.html,万科金域蓝湾一期,3室1厅,90.43平米,308万
https://cd.lianjia.com/chengjiao/106105078802.html,首创爱这城三期,2室1厅,82.09平米,140万
https://cd.lianjia.com/chengjiao/106103804053.html,国光一环大厦,1室1厅,41.72平米,56万
https://cd.lianjia.com/chengjiao/106104899272.html,首创爱这城三期,2室1厅,81.58平米,135万
https://cd.lianjia.com/chengjiao/106106458526.html,高地,3室2厅,120.41平米,241万
https://cd.lianjia.com/chengjiao/106105627158.html,和信融锦云湾,2室2厅,77.45平米,135万
https://cd.lianjia.com/chengjiao/106103975123.html,国光一环大厦,1室1厅,41.61平米,54万
https://cd.lianjia.com/chengjiao/106106398477.html,建设公寓,2室2厅,95平米,107万
https://cd.lianjia.com/chengjiao/106106390321.html,美印厂宿舍,2室1厅,53.41平米,59万
https://cd.lianjia.com/chengjiao/106105059001.html,建设南新路7号院,2室1厅,68平米,89万
https://cd.lianjia.com/chengjiao/106105693824.html,首创爱这城三期,3室1厅,96.28平米,180万
https://cd.lianjia.com/chengjiao/106104413199.html,太阳公元一期,3室1厅,100.86平米,294万
https://cd.lianjia.com/chengjiao/106106043534.html,万科金域蓝岸,3室2厅,89.77平米,205万
https://cd.lianjia.com/chengjiao/106103464416.html,八二宿舍二区,2室2厅,75.81平米,83万
https://cd.lianjia.com/chengjiao/106105959181.html,太阳公元一期,3室1厅,117.72平米,328万
https://cd.lianjia.com/chengjiao/106102951974.html,和信融锦云湾,1室1厅,50.53平米,94万
https://cd.lianjia.com/chengjiao/106102747443.html,首创爱这城三期,3室2厅,96.3平米,176万
https://cd.lianjia.com/chengjiao/106104848425.html,首创爱这城一二期,1室2厅,57.51平米,103万
https://cd.lianjia.com/chengjiao/106105957914.html,万科金域蓝湾二期,2室1厅,90.01平米,187万
https://cd.lianjia.com/chengjiao/106105604678.html,万科金域蓝湾一期,4室1厅,152平米,476万
https://cd.lianjia.com/chengjiao/106106276542.html,甲壳特区,1室1厅,37平米,37万
https://cd.lianjia.com/chengjiao/106104730308.html,万科金域蓝岸,2室1厅,70.34平米,165万
https://cd.lianjia.com/chengjiao/106106164120.html,建设南新路7号院,2室1厅,61.55平米,60万
https://cd.lianjia.com/chengjiao/106106141472.html,高地,2室1厅,90.62平米,202万
https://cd.lianjia.com/chengjiao/106101469045.html,首创爱这城一二期,车位,34.07平米,12万
https://cd.lianjia.com/chengjiao/106104042770.html,和信融锦云湾,1室1厅,51.38平米,89万
https://cd.lianjia.com/chengjiao/106105326415.html,万科金域蓝湾一期,2室2厅,85平米,179万
https://cd.lianjia.com/chengjiao/106106201990.html,八二新区,2室1厅,59.67平米,75万
https://cd.lianjia.com/chengjiao/106106202786.html,首创爱这城一二期,2室2厅,93平米,154万
https://cd.lianjia.com/chengjiao/106105224616.html,佳州星城,2室2厅,78平米,154万
https://cd.lianjia.com/chengjiao/106104413484.html,万科金域蓝湾一期,2室1厅,86.2平米,184万
https://cd.lianjia.com/chengjiao/106103272990.html,高地,5室3厅,149.76平米,398万
https://cd.lianjia.com/chengjiao/106105135088.html,万科金域蓝湾一期,车位,39平米,23万
https://cd.lianjia.com/chengjiao/106105770000.html,甲壳特区,1室1厅,36.5平米,36万
https://cd.lianjia.com/chengjiao/106106075417.html,菽香里社区,2室1厅,58.08平米,74万
https://cd.lianjia.com/chengjiao/106105775902.html,佳州星城,2室1厅,78平米,173万
https://cd.lianjia.com/chengjiao/106106032465.html,菽香里社区,2室1厅,53.55平米,61万
https://cd.lianjia.com/chengjiao/106105237661.html,万科金域蓝岸,3室1厅,89.88平米,212万
https://cd.lianjia.com/chengjiao/106105803845.html,万科金域蓝岸,2室2厅,72.98平米,175万
https://cd.lianjia.com/chengjiao/106105444385.html,太阳公元二期,2室1厅,96平米,274万
https://cd.lianjia.com/chengjiao/106105570719.html,万科金域蓝岸,3室1厅,89.77平米,227万
https://cd.lianjia.com/chengjiao/106105896332.html,和信融锦云湾,3室1厅,74.88平米,143万
https://cd.lianjia.com/chengjiao/106104551648.html,太阳公元一期,1室1厅,62.38平米,169万
https://cd.lianjia.com/chengjiao/106106029276.html,首创爱这城一二期,车位,34.07平米,10万
https://cd.lianjia.com/chengjiao/106105855267.html,首创爱这城一二期,2室2厅,88.2平米,165万
https://cd.lianjia.com/chengjiao/106105976515.html,红光小区(成华),1室1厅,47.67平米,48万
https://cd.lianjia.com/chengjiao/106105745048.html,甲壳特区,1室1厅,38.16平米,41万
https://cd.lianjia.com/chengjiao/106103812426.html,国光一环大厦,1室0厅,41.72平米,52万
https://cd.lianjia.com/chengjiao/106105306893.html,首创爱这城四期,3室2厅,124.04平米,264万
https://cd.lianjia.com/chengjiao/106103241092.html,佳州星城,2室2厅,77.19平米,166万
https://cd.lianjia.com/chengjiao/106105629086.html,首创爱这城三期,2室1厅,81.12平米,148万
https://cd.lianjia.com/chengjiao/106105590191.html,首创爱这城一二期,1室1厅,55.66平米,100万
https://cd.lianjia.com/chengjiao/106105368353.html,万科金域蓝岸,3室2厅,89.28平米,226万
https://cd.lianjia.com/chengjiao/106105588608.html,首创爱这城四期,3室2厅,112.86平米,264万
https://cd.lianjia.com/chengjiao/106105863397.html,和信融锦云湾,2室1厅,74.38平米,144万
https://cd.lianjia.com/chengjiao/106105418193.html,太阳公元二期,3室2厅,134.25平米,417万
https://cd.lianjia.com/chengjiao/106105661685.html,高地,2室2厅,85.05平米,159万
https://cd.lianjia.com/chengjiao/106104372878.html,和信融锦云湾,2室2厅,79.64平米,148万
https://cd.lianjia.com/chengjiao/106105575374.html,万科金域蓝岸,3室2厅,89.77平米,210万
https://cd.lianjia.com/chengjiao/106103246448.html,高地,2室2厅,108.15平米,185万
https://cd.lianjia.com/chengjiao/106105170245.html,佳州星城,2室2厅,72.49平米,153万
https://cd.lianjia.com/chengjiao/106103874209.html,万科金域蓝湾一期,3室2厅,84.7平米,184万
https://cd.lianjia.com/chengjiao/106105587422.html,菽香里社区,2室1厅,52.38平米,63万
https://cd.lianjia.com/chengjiao/106105199641.html,太阳公元一期,1室1厅,62.38平米,170万
https://cd.lianjia.com/chengjiao/106103885542.html,万科金域蓝湾一期,4室2厅,91.2平米,353万
https://cd.lianjia.com/chengjiao/106104455299.html,和信融锦云湾,2室1厅,74.38平米,147万
https://cd.lianjia.com/chengjiao/106103640361.html,首创爱这城一二期,1室1厅,64.05平米,113万
https://cd.lianjia.com/chengjiao/106105377017.html,红光三区,3室2厅,79.93平米,87万
https://cd.lianjia.com/chengjiao/106102658826.html,万科金域蓝湾一期,车位,27.57平米,21万
https://cd.lianjia.com/chengjiao/106103808946.html,佳州星城,2室2厅,81.79平米,178万
https://cd.lianjia.com/chengjiao/106102444483.html,万科金域蓝湾一期,5室2厅,107平米,355万
https://cd.lianjia.com/chengjiao/106103836744.html,国光九街坊,2室2厅,65平米,74万
https://cd.lianjia.com/chengjiao/106105493810.html,万科金域蓝湾一期,车位,37.98平米,22万
https://cd.lianjia.com/chengjiao/106105097662.html,国光九街坊,2室1厅,65平米,70万
https://cd.lianjia.com/chengjiao/106105494069.html,万科金域蓝岸,2室1厅,70.34平米,172万
https://cd.lianjia.com/chengjiao/106104912036.html,万科金域蓝岸,2室1厅,72.59平米,178万
https://cd.lianjia.com/chengjiao/106105460656.html,太阳公元一期,2室2厅,82.96平米,235万
https://cd.lianjia.com/chengjiao/106105240581.html,建设南新路7号院,2室1厅,67平米,71万
https://cd.lianjia.com/chengjiao/106102854478.html,佳州星城,2室1厅,81.79平米,160万
https://cd.lianjia.com/chengjiao/106105327827.html,建设南新路23号,2室1厅,51.12平米,63万
https://cd.lianjia.com/chengjiao/106102876550.html,高地,2室2厅,82.12平米,155万
https://cd.lianjia.com/chengjiao/106105249395.html,万科金域蓝湾二期,车位,39.86平米,21万
https://cd.lianjia.com/chengjiao/106105078393.html,南苑(成华),2室1厅,63.66平米,75万
https://cd.lianjia.com/chengjiao/106104463729.html,首创爱这城一二期,2室1厅,93.67平米,161万
https://cd.lianjia.com/chengjiao/106104224363.html,万科金域蓝岸,2室1厅,70.78平米,170万
https://cd.lianjia.com/chengjiao/106102805750.html,首创爱这城三期,3室2厅,96.29平米,188万
https://cd.lianjia.com/chengjiao/106104114240.html,国光九街坊,2室1厅,65平米,88万
https://cd.lianjia.com/chengjiao/106104448616.html,太阳公元一期,3室2厅,100.86平米,290万
https://cd.lianjia.com/chengjiao/106105250319.html,欣苑(成华),2室2厅,95.36平米,125万
https://cd.lianjia.com/chengjiao/106103900427.html,太阳公元一期,2室1厅,87.8平米,252万
https://cd.lianjia.com/chengjiao/106103362298.html,万科金域蓝湾二期,4室2厅,91.18平米,290万
https://cd.lianjia.com/chengjiao/106104406406.html,万科金域蓝岸,3室2厅,89.77平米,202万
https://cd.lianjia.com/chengjiao/106104497634.html,甲壳特区,1室0厅,36.48平米,40万
https://cd.lianjia.com/chengjiao/106104512872.html,建设南新路23号,4室2厅,112.15平米,118万
https://cd.lianjia.com/chengjiao/106104035159.html,佳州星城,3室1厅,81平米,168万
https://cd.lianjia.com/chengjiao/106103571772.html,和信融锦云湾,1室1厅,50.78平米,89万
https://cd.lianjia.com/chengjiao/106104792699.html,万科金域蓝湾一期,4室1厅,90.6平米,293万
https://cd.lianjia.com/chengjiao/106104659875.html,和信融锦云湾,2室2厅,77.45平米,143万
https://cd.lianjia.com/chengjiao/106103301040.html,太阳公元二期,3室2厅,105.62平米,299万
https://cd.lianjia.com/chengjiao/106104677608.html,万科金域蓝湾一期,2室1厅,84.7平米,162万
https://cd.lianjia.com/chengjiao/106105220033.html,首创爱这城一二期,车位,34.07平米,5万
https://cd.lianjia.com/chengjiao/106101175698.html,首创爱这城一二期,3室2厅,142平米,260万
https://cd.lianjia.com/chengjiao/106105184744.html,高地,车位,30.12平米,10万
https://cd.lianjia.com/chengjiao/106103656900.html,高地,3室2厅,120.55平米,248万
https://cd.lianjia.com/chengjiao/106104107682.html,万科金域蓝湾一期,3室2厅,84.7平米,186万
https://cd.lianjia.com/chengjiao/106105172965.html,佳州星城,2室1厅,71.59平米,152万
https://cd.lianjia.com/chengjiao/106104934994.html,建设公寓,2室1厅,77.43平米,100万
https://cd.lianjia.com/chengjiao/106103976481.html,首创爱这城一二期,车位,34.07平米,10万
https://cd.lianjia.com/chengjiao/106104111738.html,高地,车位,30.12平米,19万
https://cd.lianjia.com/chengjiao/106105074717.html,首创爱这城三期,车位,34.22平米,14万
https://cd.lianjia.com/chengjiao/106104406814.html,国光九街坊,2室2厅,65平米,80万
https://cd.lianjia.com/chengjiao/106104795512.html,万科金域蓝湾一期,5室2厅,171平米,495万
https://cd.lianjia.com/chengjiao/106104562307.html,太阳公元一期,2室1厅,82.96平米,239万
https://cd.lianjia.com/chengjiao/106104272464.html,佳州星城,1室1厅,51.28平米,101万
https://cd.lianjia.com/chengjiao/106104050306.html,万科金域蓝湾一期,3室2厅,84.53平米,172万
https://cd.lianjia.com/chengjiao/106104995956.html,万科金域蓝岸,3室2厅,89.7平米,235万
https://cd.lianjia.com/chengjiao/106102856972.html,太阳公元一期,4室2厅,181.99平米,580万
https://cd.lianjia.com/chengjiao/106104958992.html,佳州星城,1室1厅,51.28平米,91万
https://cd.lianjia.com/chengjiao/106103607079.html,万科金域蓝湾二期,车位,39.86平米,19万
https://cd.lianjia.com/chengjiao/106104670102.html,佳州星城,2室1厅,72.49平米,133万
https://cd.lianjia.com/chengjiao/106104417980.html,首创爱这城三期,2室1厅,70.03平米,119万
https://cd.lianjia.com/chengjiao/106104512525.html,佳州星城,2室1厅,81.77平米,168万
https://cd.lianjia.com/chengjiao/106104999210.html,万科金域蓝岸,3室2厅,93.24平米,232万
https://cd.lianjia.com/chengjiao/106104781101.html,万科金域蓝湾一期,车位,37平米,21万
https://cd.lianjia.com/chengjiao/106104547844.html,万科金域蓝岸,2室1厅,72.98平米,175万
https://cd.lianjia.com/chengjiao/106103863472.html,万科金域蓝岸,2室1厅,72.59平米,176万
https://cd.lianjia.com/chengjiao/106104219878.html,八二宿舍二区,3室2厅,81.74平米,87万
https://cd.lianjia.com/chengjiao/106103127293.html,万科金域蓝湾二期,3室2厅,84.68平米,186万
https://cd.lianjia.com/chengjiao/106104379264.html,万科金域蓝岸,3室2厅,89.28平米,222万
https://cd.lianjia.com/chengjiao/106104267538.html,太阳公元一期,1室1厅,62.38平米,159万
https://cd.lianjia.com/chengjiao/106103469827.html,建设南街8号,2室1厅,91.82平米,103万
https://cd.lianjia.com/chengjiao/106101808417.html,培华东路1号,2室1厅,62.09平米,77万
https://cd.lianjia.com/chengjiao/106104358847.html,万科金域蓝湾一期,车位,39.86平米,18万
https://cd.lianjia.com/chengjiao/106103364833.html,首创爱这城四期,4室2厅,125.29平米,256万
https://cd.lianjia.com/chengjiao/106104497576.html,八二宿舍二区,3室1厅,123平米,142万
https://cd.lianjia.com/chengjiao/106104597034.html,首创爱这城一二期,3室1厅,104.68平米,162万
https://cd.lianjia.com/chengjiao/106104535609.html,和信融锦云湾,1室1厅,51平米,88万
https://cd.lianjia.com/chengjiao/106104781914.html,万科金域蓝湾一期,2室2厅,84.7平米,160万
https://cd.lianjia.com/chengjiao/106103198525.html,首创爱这城三期,2室1厅,70.88平米,118万
https://cd.lianjia.com/chengjiao/106103597103.html,甲壳特区,1室0厅,36.48平米,36万
https://cd.lianjia.com/chengjiao/106104000825.html,和信融锦云湾,1室1厅,50.53平米,86万
https://cd.lianjia.com/chengjiao/106104387647.html,国光一环大厦,1室1厅,41.72平米,50万
https://cd.lianjia.com/chengjiao/106104544483.html,太阳公元一期,3室1厅,100.86平米,293万
https://cd.lianjia.com/chengjiao/106104609126.html,红光一区,3室2厅,74.82平米,85万
https://cd.lianjia.com/chengjiao/106101594582.html,建南苑,4室3厅,171平米,195万
https://cd.lianjia.com/chengjiao/106103953654.html,甲壳特区,1室0厅,35.44平米,36万
https://cd.lianjia.com/chengjiao/106104630863.html,首创爱这城一二期,车位,34.07平米,9万
https://cd.lianjia.com/chengjiao/106104145303.html,和信融锦云湾,2室1厅,74.5平米,140万
https://cd.lianjia.com/chengjiao/106104319765.html,首创爱这城一二期,2室2厅,88.6平米,140万
https://cd.lianjia.com/chengjiao/106103070988.html,佳州星城,3室1厅,78.8平米,145万
https://cd.lianjia.com/chengjiao/106103616176.html,佳州星城,2室1厅,51.32平米,100万
https://cd.lianjia.com/chengjiao/106103613618.html,万科金域蓝湾一期,3室2厅,84.7平米,176万
https://cd.lianjia.com/chengjiao/106104035197.html,西苑(成华),2室1厅,58.1平米,72万
https://cd.lianjia.com/chengjiao/106103323406.html,太阳公元二期,2室2厅,95.68平米,261万
https://cd.lianjia.com/chengjiao/106104385227.html,首创爱这城三期,2室1厅,86.95平米,136万
https://cd.lianjia.com/chengjiao/106104556311.html,万科金域蓝湾二期,车位,27.57平米,16万
https://cd.lianjia.com/chengjiao/106104467654.html,高地,2室2厅,79.4平米,144万
https://cd.lianjia.com/chengjiao/106103566282.html,首创爱这城四期,3室2厅,147.61平米,370万
https://cd.lianjia.com/chengjiao/106103024861.html,万科金域蓝湾一期,4室2厅,91.2平米,294万
https://cd.lianjia.com/chengjiao/106104158326.html,高地,2室2厅,84.39平米,165万
https://cd.lianjia.com/chengjiao/106104312978.html,首创爱这城三期,3室1厅,123.27平米,200万
https://cd.lianjia.com/chengjiao/106104340649.html,八二宿舍二区,3室1厅,98.54平米,127万
https://cd.lianjia.com/chengjiao/106101523293.html,佳州星城,2室1厅,72.49平米,148万
https://cd.lianjia.com/chengjiao/106103286140.html,万科金域蓝湾一期,2室2厅,85.47平米,162万
https://cd.lianjia.com/chengjiao/106103170314.html,红光一区,2室1厅,60.56平米,73万
https://cd.lianjia.com/chengjiao/106104264172.html,高地,2室1厅,88.52平米,161万
https://cd.lianjia.com/chengjiao/106104154372.html,万科金域蓝岸,3室2厅,89.28平米,205万
https://cd.lianjia.com/chengjiao/106103718655.html,首创爱这城四期,4室2厅,156平米,310万
https://cd.lianjia.com/chengjiao/106104021064.html,和信融锦云湾,1室1厅,50.53平米,75万
https://cd.lianjia.com/chengjiao/106103595922.html,建设公寓,2室2厅,83.81平米,102万
https://cd.lianjia.com/chengjiao/106103702895.html,国光一环大厦,1室0厅,41.7平米,53万
https://cd.lianjia.com/chengjiao/106102137076.html,首创爱这城三期,2室2厅,70.03平米,119万
https://cd.lianjia.com/chengjiao/106101150116.html,万科金域蓝湾一期,车位,39.86平米,22万
https://cd.lianjia.com/chengjiao/106103733789.html,高地,3室2厅,120.45平米,220万
https://cd.lianjia.com/chengjiao/106103794061.html,首创爱这城一二期,2室2厅,88.2平米,165万
https://cd.lianjia.com/chengjiao/106103694726.html,建行宿舍(成华),2室1厅,51.51平米,62万
https://cd.lianjia.com/chengjiao/106103425735.html,万科金域蓝湾一期,4室2厅,151平米,320万
https://cd.lianjia.com/chengjiao/106103706892.html,欣苑(成华),2室1厅,94.48平米,112万
https://cd.lianjia.com/chengjiao/106104013650.html,首创爱这城三期,2室1厅,82.09平米,135万
https://cd.lianjia.com/chengjiao/106104024878.html,光明馨苑,3室1厅,73.35平米,81万
https://cd.lianjia.com/chengjiao/106103820483.html,佳州星城,1室1厅,51.44平米,97万
https://cd.lianjia.com/chengjiao/106103583610.html,水岸花园,2室1厅,77.78平米,107万
https://cd.lianjia.com/chengjiao/106102590418.html,和信融锦云湾,2室2厅,79.64平米,131万
https://cd.lianjia.com/chengjiao/106103295365.html,太阳公元二期,3室2厅,105.62平米,298万
https://cd.lianjia.com/chengjiao/106103578063.html,西苑(成华),2室1厅,49.35平米,67万
https://cd.lianjia.com/chengjiao/106103927024.html,建设南新路61号,2室2厅,68.63平米,65万
https://cd.lianjia.com/chengjiao/106102195511.html,首创爱这城三期,2室1厅,70.4平米,118万
https://cd.lianjia.com/chengjiao/106103742552.html,万科金域蓝岸,2室2厅,70.34平米,164万
https://cd.lianjia.com/chengjiao/106103226678.html,太阳公元一期,4室2厅,186平米,618万
https://cd.lianjia.com/chengjiao/106102646747.html,首创爱这城三期,2室1厅,82.51平米,134万
https://cd.lianjia.com/chengjiao/106103071271.html,建设南新路7号院,2室1厅,67平米,86万
https://cd.lianjia.com/chengjiao/106103006028.html,高地,3室2厅,112.6平米,212万
https://cd.lianjia.com/chengjiao/106103016263.html,和信融锦云湾,2室1厅,76.24平米,128万
https://cd.lianjia.com/chengjiao/106103698997.html,太阳公元一期,1室1厅,62.38平米,164万
https://cd.lianjia.com/chengjiao/106103718823.html,佳州星城,2室1厅,70.31平米,135万
https://cd.lianjia.com/chengjiao/106101930171.html,万科金域蓝湾一期,3室2厅,78.21平米,196万
https://cd.lianjia.com/chengjiao/106101489032.html,万科金域蓝湾一期,2室1厅,85.47平米,168万
https://cd.lianjia.com/chengjiao/106102830127.html,佳州星城,3室2厅,101.21平米,203万
https://cd.lianjia.com/chengjiao/106102892284.html,万科金域蓝湾一期,2室1厅,85.39平米,185万
https://cd.lianjia.com/chengjiao/106102962284.html,首创爱这城一二期,2室2厅,90.6平米,138万
https://cd.lianjia.com/chengjiao/106102676286.html,万科金域蓝湾一期,2室2厅,78平米,161万
https://cd.lianjia.com/chengjiao/106103024447.html,佳州星城,2室1厅,81.77平米,152万
https://cd.lianjia.com/chengjiao/106103370106.html,菽香里社区,2室1厅,58.08平米,75万
https://cd.lianjia.com/chengjiao/106102646028.html,一环路东二段9号,2室1厅,57.27平米,54万
https://cd.lianjia.com/chengjiao/106103050429.html,佳州星城,2室1厅,51.41平米,94万
https://cd.lianjia.com/chengjiao/106103624962.html,万科金域蓝岸,2室2厅,73平米,176万
https://cd.lianjia.com/chengjiao/106103330478.html,光明馨苑,2室1厅,58.27平米,69万
https://cd.lianjia.com/chengjiao/106102828737.html,菽香里社区,2室1厅,62.74平米,82万
https://cd.lianjia.com/chengjiao/106103541553.html,佳州星城,2室1厅,70.31平米,138万
https://cd.lianjia.com/chengjiao/106103272739.html,光明馨苑,1室1厅,38.45平米,50万
https://cd.lianjia.com/chengjiao/106102393604.html,首创爱这城一二期,2室2厅,89.6平米,140万
https://cd.lianjia.com/chengjiao/106103515529.html,建设公寓,2室1厅,83.81平米,110万
https://cd.lianjia.com/chengjiao/106102996770.html,首创爱这城三期,2室1厅,70.03平米,120万
https://cd.lianjia.com/chengjiao/106103055084.html,太阳公元一期,1室1厅,62.38平米,170万
https://cd.lianjia.com/chengjiao/106102371974.html,和信融锦云湾,1室1厅,50.53平米,89万
https://cd.lianjia.com/chengjiao/106103063251.html,建设南街16号,2室1厅,54.2平米,64万
https://cd.lianjia.com/chengjiao/106102979983.html,首创爱这城一二期,2室1厅,104.9平米,153万
https://cd.lianjia.com/chengjiao/106102883393.html,高地,2室1厅,80.68平米,155万
https://cd.lianjia.com/chengjiao/106103320975.html,水岸花园,2室1厅,79.16平米,115万
https://cd.lianjia.com/chengjiao/106102041725.html,佳州星城,2室1厅,77.2平米,173万
https://cd.lianjia.com/chengjiao/106103475096.html,南苑(成华),2室1厅,57.5平米,71万
https://cd.lianjia.com/chengjiao/106103239930.html,菽香里社区,2室1厅,60.27平米,70万
https://cd.lianjia.com/chengjiao/106102266032.html,和信融锦云湾,2室1厅,77.26平米,149万
https://cd.lianjia.com/chengjiao/106103320403.html,和信融锦云湾,2室1厅,79.77平米,136万
https://cd.lianjia.com/chengjiao/106103291142.html,光明馨苑,1室1厅,31.57平米,42万
https://cd.lianjia.com/chengjiao/106102751480.html,首创爱这城三期,车位,39.92平米,13万
https://cd.lianjia.com/chengjiao/106102971179.html,万科金域蓝湾一期,3室1厅,85.39平米,184万
https://cd.lianjia.com/chengjiao/106102852149.html,首创爱这城三期,2室1厅,81.12平米,142万
https://cd.lianjia.com/chengjiao/106103159657.html,万科金域蓝湾一期,2室2厅,78平米,159万
https://cd.lianjia.com/chengjiao/106103221174.html,佳州星城,3室2厅,83.53平米,176万
https://cd.lianjia.com/chengjiao/106101882304.html,万科金域蓝湾二期,车位,50.89平米,22万
https://cd.lianjia.com/chengjiao/106102669728.html,万科金域蓝湾一期,4室2厅,86.84平米,330万
https://cd.lianjia.com/chengjiao/106102563188.html,光明馨苑,3室1厅,74.35平米,85万
https://cd.lianjia.com/chengjiao/106102923257.html,太阳公元一期,3室1厅,143.61平米,465万
https://cd.lianjia.com/chengjiao/106102761556.html,光明馨苑,2室1厅,58.27平米,74万
https://cd.lianjia.com/chengjiao/106102674219.html,菽香里社区,2室1厅,68.34平米,85万
https://cd.lianjia.com/chengjiao/106103074650.html,首创爱这城三期,2室1厅,82.23平米,134万
https://cd.lianjia.com/chengjiao/106102422458.html,万科金域蓝岸,2室2厅,70.36平米,159万
https://cd.lianjia.com/chengjiao/106102406427.html,太阳公元一期,3室2厅,108.97平米,308万
https://cd.lianjia.com/chengjiao/106101893923.html,首创爱这城三期,车位,32.79平米,12万
https://cd.lianjia.com/chengjiao/106103130530.html,佳州星城,1室0厅,30.17平米,55万
https://cd.lianjia.com/chengjiao/106102565431.html,太阳公元一期,1室1厅,62平米,178万
https://cd.lianjia.com/chengjiao/106103043605.html,佳州星城,3室2厅,97.82平米,200万
https://cd.lianjia.com/chengjiao/106102093327.html,和信融锦云湾,2室2厅,79.77平米,152万
https://cd.lianjia.com/chengjiao/106101366098.html,高地,3室2厅,126.61平米,242万
https://cd.lianjia.com/chengjiao/106101250312.html,千和苑,4室2厅,154.34平米,150万
https://cd.lianjia.com/chengjiao/106102695903.html,首创爱这城一二期,2室2厅,87.5平米,148万
https://cd.lianjia.com/chengjiao/106102727517.html,高地,3室2厅,120.44平米,232万
https://cd.lianjia.com/chengjiao/106102513798.html,万科金域蓝湾一期,4室2厅,152.02平米,455万
https://cd.lianjia.com/chengjiao/106102352710.html,太阳公元一期,1室1厅,62.38平米,168万
https://cd.lianjia.com/chengjiao/106101043590.html,欣苑(成华),2室1厅,88.37平米,111万
https://cd.lianjia.com/chengjiao/106102550845.html,菽香里社区,3室1厅,71.4平米,79万
https://cd.lianjia.com/chengjiao/106102637040.html,佳州星城,2室2厅,72平米,158万
https://cd.lianjia.com/chengjiao/106102340979.html,万科金域蓝湾一期,4室2厅,107平米,330万
https://cd.lianjia.com/chengjiao/106102373507.html,佳州星城,1室1厅,30.12平米,62万
https://cd.lianjia.com/chengjiao/106102433276.html,欣苑(成华),3室2厅,118.7平米,145万
https://cd.lianjia.com/chengjiao/106102660457.html,首创爱这城一二期,2室2厅,88.2平米,162万
https://cd.lianjia.com/chengjiao/106102516305.html,首创爱这城一二期,3室1厅,115.35平米,195万
https://cd.lianjia.com/chengjiao/106102694097.html,万科金域蓝湾一期,2室2厅,85.47平米,173万
https://cd.lianjia.com/chengjiao/106102873186.html,万科金域蓝湾一期,车位,37平米,20万
https://cd.lianjia.com/chengjiao/106102821458.html,首创爱这城一二期,车位,34.07平米,11万
https://cd.lianjia.com/chengjiao/106101951355.html,万科金域蓝湾一期,2室1厅,78平米,159万
https://cd.lianjia.com/chengjiao/106102131837.html,首创爱这城三期,车位,32.79平米,11万
https://cd.lianjia.com/chengjiao/106102670012.html,万科金域蓝湾一期,车位,39.86平米,23万
https://cd.lianjia.com/chengjiao/106102750067.html,首创爱这城三期,2室1厅,81.12平米,145万
https://cd.lianjia.com/chengjiao/106102782697.html,太阳公元一期,4室2厅,186.25平米,540万
https://cd.lianjia.com/chengjiao/106101314792.html,建行宿舍(成华),2室1厅,67.96平米,88万
https://cd.lianjia.com/chengjiao/106102711243.html,太阳公元一期,2室1厅,82.96平米,251万
https://cd.lianjia.com/chengjiao/106102803631.html,光明馨苑,2室2厅,80.2平米,92万
https://cd.lianjia.com/chengjiao/106102161152.html,佳州星城,1室0厅,30.12平米,62万
https://cd.lianjia.com/chengjiao/106102706350.html,太阳公元一期,3室2厅,143.61平米,454万
https://cd.lianjia.com/chengjiao/106102316124.html,佳州星城,2室1厅,77.19平米,156万
https://cd.lianjia.com/chengjiao/106101791308.html,首创爱这城一二期,2室2厅,88.22平米,137万
https://cd.lianjia.com/chengjiao/106102497925.html,欣苑(成华),2室1厅,95.36平米,100万
https://cd.lianjia.com/chengjiao/106102650844.html,太阳公元一期,2室2厅,85.48平米,258万
https://cd.lianjia.com/chengjiao/106102329388.html,佳州星城,2室1厅,72.48平米,147万
https://cd.lianjia.com/chengjiao/106102724499.html,高地,2室1厅,84.1平米,170万
https://cd.lianjia.com/chengjiao/106101914792.html,首创爱这城三期,1室0厅,44平米,78万
https://cd.lianjia.com/chengjiao/106102679947.html,八二新区,2室1厅,60平米,78万
https://cd.lianjia.com/chengjiao/106101993338.html,佳州星城,1室1厅,51.41平米,102万
https://cd.lianjia.com/chengjiao/106102570570.html,太阳公元一期,2室2厅,85.48平米,245万
https://cd.lianjia.com/chengjiao/106102304789.html,首创爱这城四期,4室2厅,161平米,313万
https://cd.lianjia.com/chengjiao/106102615639.html,高地,3室2厅,121.62平米,263万
https://cd.lianjia.com/chengjiao/106101508450.html,佳州星城,1室1厅,51.4平米,100万
https://cd.lianjia.com/chengjiao/106101146199.html,首创爱这城一二期,2室1厅,89.6平米,154万
https://cd.lianjia.com/chengjiao/106101195584.html,太阳公元一期,2室2厅,87.8平米,260万
https://cd.lianjia.com/chengjiao/106102355793.html,和信融锦云湾,2室1厅,74.88平米,147万
https://cd.lianjia.com/chengjiao/106101894939.html,太阳公元一期,2室2厅,85.38平米,260万
https://cd.lianjia.com/chengjiao/106102272279.html,首创爱这城一二期,1室1厅,57.51平米,113万
https://cd.lianjia.com/chengjiao/106101962944.html,佳州星城,1室2厅,51.41平米,99万
https://cd.lianjia.com/chengjiao/106101125057.html,万科金域蓝岸,2室2厅,72.6平米,168万
https://cd.lianjia.com/chengjiao/106100991198.html,万科金域蓝湾一期,4室2厅,152.02平米,393万
https://cd.lianjia.com/chengjiao/106101907456.html,首创爱这城一二期,1室1厅,55.66平米,108万
https://cd.lianjia.com/chengjiao/106102474256.html,和信融锦云湾,2室2厅,74.5平米,146万
https://cd.lianjia.com/chengjiao/106102397119.html,首创爱这城一二期,3室2厅,115.24平米,197万
https://cd.lianjia.com/chengjiao/106102425374.html,欣苑(成华),2室2厅,92.15平米,109万
https://cd.lianjia.com/chengjiao/106102479325.html,首创爱这城一二期,2室2厅,80.16平米,128万
https://cd.lianjia.com/chengjiao/106102270473.html,和信融锦云湾,1室1厅,50.53平米,94万
https://cd.lianjia.com/chengjiao/106102172908.html,万科金域蓝岸,2室2厅,70.54平米,145万
https://cd.lianjia.com/chengjiao/106102329230.html,万科金域蓝湾二期,3室1厅,84.68平米,191万
https://cd.lianjia.com/chengjiao/106101688679.html,太阳公元一期,4室2厅,186.26平米,538万
https://cd.lianjia.com/chengjiao/106102395940.html,佳州星城,1室1厅,51平米,96万
https://cd.lianjia.com/chengjiao/106102416414.html,万科金域蓝岸,2室1厅,72.76平米,162万
https://cd.lianjia.com/chengjiao/106101139995.html,万科金域蓝湾一期,4室2厅,171.35平米,470万
https://cd.lianjia.com/chengjiao/106101356448.html,太阳公元一期,1室1厅,63平米,165万
https://cd.lianjia.com/chengjiao/106101234672.html,太阳公元一期,3室2厅,88.14平米,242万
https://cd.lianjia.com/chengjiao/106102403148.html,太阳公元一期,3室2厅,108.97平米,324万
https://cd.lianjia.com/chengjiao/106102271644.html,首创爱这城一二期,1室1厅,64平米,109万
https://cd.lianjia.com/chengjiao/106101783952.html,太阳公元一期,2室1厅,87.8平米,244万
https://cd.lianjia.com/chengjiao/106101676116.html,万科金域蓝岸,2室1厅,71平米,161万
https://cd.lianjia.com/chengjiao/106101682990.html,佳州星城,1室1厅,51.41平米,95万
https://cd.lianjia.com/chengjiao/106101135457.html,万科金域蓝湾一期,2室2厅,85平米,157万
https://cd.lianjia.com/chengjiao/106101729291.html,光明馨苑,1室1厅,57.53平米,75万
https://cd.lianjia.com/chengjiao/106102002628.html,八二宿舍二区,2室2厅,87平米,109万
https://cd.lianjia.com/chengjiao/106102298162.html,甲壳特区,1室0厅,35平米,43万
https://cd.lianjia.com/chengjiao/106101202978.html,万科金域蓝湾一期,2室2厅,82.49平米,152万
https://cd.lianjia.com/chengjiao/106101433830.html,光明馨苑,3室2厅,98.11平米,154万
https://cd.lianjia.com/chengjiao/106101751891.html,水岸花园,3室2厅,120.56平米,170万
https://cd.lianjia.com/chengjiao/106102114081.html,万科金域蓝岸,2室2厅,70.54平米,148万
https://cd.lianjia.com/chengjiao/106101381230.html,太阳公元一期,3室1厅,100.86平米,279万
https://cd.lianjia.com/chengjiao/106101487630.html,太阳公元一期,2室2厅,82.96平米,230万
https://cd.lianjia.com/chengjiao/106101535242.html,高地,2室2厅,91.41平米,188万
https://cd.lianjia.com/chengjiao/106102213668.html,和信融锦云湾,2室2厅,76.42平米,140万
https://cd.lianjia.com/chengjiao/106101216163.html,红光小区(成华),2室2厅,62.13平米,79万
https://cd.lianjia.com/chengjiao/106102101160.html,首创爱这城三期,2室1厅,82.05平米,136万
https://cd.lianjia.com/chengjiao/106101597051.html,太阳公元一期,2室1厅,85.48平米,247万
https://cd.lianjia.com/chengjiao/106102052991.html,八二宿舍二区,2室2厅,91.38平米,116万
https://cd.lianjia.com/chengjiao/106101693982.html,水岸花园,2室2厅,79.97平米,114万
https://cd.lianjia.com/chengjiao/106101639237.html,首创爱这城一二期,2室2厅,87.04平米,131万
https://cd.lianjia.com/chengjiao/106102047187.html,首创爱这城一二期,2室2厅,87.55平米,145万
https://cd.lianjia.com/chengjiao/106101500900.html,万科金域蓝湾一期,3室2厅,84.33平米,203万
https://cd.lianjia.com/chengjiao/106101032349.html,建设公寓,2室2厅,83.81平米,100万
https://cd.lianjia.com/chengjiao/106101355504.html,万科金域蓝湾一期,4室2厅,152.02平米,465万
https://cd.lianjia.com/chengjiao/106101502905.html,高地,车位,18.12平米,8万
https://cd.lianjia.com/chengjiao/106102053690.html,高地,2室1厅,84.04平米,165万
https://cd.lianjia.com/chengjiao/106101110746.html,万科金域蓝湾一期,2室1厅,83.68平米,147万
https://cd.lianjia.com/chengjiao/106101441096.html,万科金域蓝湾一期,车位,27.57平米,17万
https://cd.lianjia.com/chengjiao/106101631500.html,首创爱这城一二期,4室2厅,137.71平米,234万
https://cd.lianjia.com/chengjiao/106101096323.html,首创爱这城一二期,2室2厅,88.6平米,128万
https://cd.lianjia.com/chengjiao/106101541311.html,国光九街坊,2室2厅,79.16平米,103万
https://cd.lianjia.com/chengjiao/106101300184.html,光明馨苑,3室1厅,63.82平米,83万
https://cd.lianjia.com/chengjiao/106101836471.html,高地,2室2厅,84平米,154万
https://cd.lianjia.com/chengjiao/106101782821.html,首创爱这城一二期,2室2厅,87.04平米,129万
https://cd.lianjia.com/chengjiao/106101925754.html,太阳公元一期,2室1厅,77.15平米,202万
https://cd.lianjia.com/chengjiao/106101230392.html,太阳公元一期,3室2厅,143.61平米,420万
https://cd.lianjia.com/chengjiao/106101991963.html,首创爱这城一二期,2室1厅,80.16平米,124万
https://cd.lianjia.com/chengjiao/106101841334.html,首创爱这城一二期,1室1厅,57.51平米,88万
https://cd.lianjia.com/chengjiao/106101638488.html,建行宿舍(成华),2室1厅,48.95平米,56万
https://cd.lianjia.com/chengjiao/106101786695.html,万科金域蓝湾一期,4室2厅,91.08平米,312万
https://cd.lianjia.com/chengjiao/106101859006.html,永年村61组,1室1厅,48平米,52万
https://cd.lianjia.com/chengjiao/106101664956.html,首创爱这城三期,2室2厅,79.28平米,131万
https://cd.lianjia.com/chengjiao/106101896833.html,国光十街坊,2室1厅,61平米,74万
https://cd.lianjia.com/chengjiao/106101255608.html,首创爱这城一二期,2室2厅,93平米,125万
https://cd.lianjia.com/chengjiao/106101886378.html,南苑(成华),1室1厅,57.43平米,54万
https://cd.lianjia.com/chengjiao/106100737842.html,万科金域蓝湾一期,4室2厅,90.68平米,303万
https://cd.lianjia.com/chengjiao/106101803823.html,红光三区,2室2厅,63.63平米,75万
https://cd.lianjia.com/chengjiao/106101462339.html,太阳公元一期,3室2厅,116.59平米,340万
https://cd.lianjia.com/chengjiao/106101850548.html,菽香里社区,2室2厅,60.26平米,70万
https://cd.lianjia.com/chengjiao/106101203209.html,光明馨苑,2室1厅,58.26平米,68万
https://cd.lianjia.com/chengjiao/106101859750.html,建设南新路22号,1室1厅,40.49平米,44万
https://cd.lianjia.com/chengjiao/106101786191.html,国光九街坊,2室1厅,65平米,76万
https://cd.lianjia.com/chengjiao/106101485066.html,光明馨苑,3室2厅,135.23平米,182万
https://cd.lianjia.com/chengjiao/106101534086.html,万科金域蓝岸,2室2厅,72.59平米,155万
https://cd.lianjia.com/chengjiao/106101774108.html,红光三区,2室1厅,63.63平米,60万
https://cd.lianjia.com/chengjiao/106101312076.html,首创爱这城四期,4室2厅,124.04平米,260万
https://cd.lianjia.com/chengjiao/106101187406.html,光明馨苑,3室1厅,74.35平米,76万
https://cd.lianjia.com/chengjiao/106101781099.html,首创爱这城一二期,车位,19.99平米,13万
https://cd.lianjia.com/chengjiao/106101725529.html,万科金域蓝湾一期,车位,37.98平米,23万
https://cd.lianjia.com/chengjiao/106101476494.html,首创爱这城一二期,2室1厅,86.48平米,143万
https://cd.lianjia.com/chengjiao/106100964737.html,首创爱这城一二期,2室2厅,89平米,165万
https://cd.lianjia.com/chengjiao/106101588807.html,菽香里社区,1室1厅,36.38平米,45万
https://cd.lianjia.com/chengjiao/106101723528.html,首创爱这城一二期,车位,34.07平米,14万
https://cd.lianjia.com/chengjiao/106101351672.html,万科金域蓝湾二期,3室2厅,165.98平米,400万
https://cd.lianjia.com/chengjiao/106101291799.html,南苑(成华),2室1厅,57.43平米,70万
https://cd.lianjia.com/chengjiao/106101269264.html,亚光小区,2室2厅,68.89平米,94万
https://cd.lianjia.com/chengjiao/106101551956.html,万科金域蓝湾二期,3室2厅,91.17平米,305万
https://cd.lianjia.com/chengjiao/106100955553.html,太阳公元一期,2室1厅,82.96平米,260万
https://cd.lianjia.com/chengjiao/106101358845.html,太阳公元一期,3室2厅,116.75平米,340万
https://cd.lianjia.com/chengjiao/106101216310.html,万科金域蓝岸,2室1厅,70.54平米,150万
https://cd.lianjia.com/chengjiao/106101018522.html,水岸花园,3室2厅,125.53平米,171万
https://cd.lianjia.com/chengjiao/106101517390.html,佳州星城,2室1厅,71.59平米,158万
https://cd.lianjia.com/chengjiao/106101445040.html,佳州星城,1室1厅,51.41平米,93万
https://cd.lianjia.com/chengjiao/106101119287.html,首创爱这城三期,车位,39.92平米,16万
https://cd.lianjia.com/chengjiao/106101297981.html,万科金域蓝岸,2室2厅,70.72平米,155万
https://cd.lianjia.com/chengjiao/106101448261.html,光明馨苑,2室1厅,68.67平米,98万
https://cd.lianjia.com/chengjiao/106101471110.html,太阳公元一期,3室2厅,138平米,402万
https://cd.lianjia.com/chengjiao/106101330397.html,首创爱这城一二期,1室1厅,57.51平米,83万
https://cd.lianjia.com/chengjiao/106101199195.html,建设南街18号,2室1厅,66.4平米,93万
https://cd.lianjia.com/chengjiao/106101383913.html,高地,2室2厅,81.16平米,174万
https://cd.lianjia.com/chengjiao/106101385799.html,菽香里社区,2室1厅,57.26平米,74万
https://cd.lianjia.com/chengjiao/106101321302.html,高地,2室2厅,79.4平米,151万
https://cd.lianjia.com/chengjiao/106101206720.html,太阳公元一期,2室2厅,82.96平米,248万
https://cd.lianjia.com/chengjiao/106101469106.html,菽香里社区,2室2厅,60.74平米,82万
https://cd.lianjia.com/chengjiao/106101419463.html,万科金域蓝湾一期,2室1厅,84.7平米,207万
https://cd.lianjia.com/chengjiao/106101099588.html,首创爱这城一二期,3室2厅,144.31平米,217万
https://cd.lianjia.com/chengjiao/106101400855.html,首创爱这城三期,2室1厅,70.03平米,132万
https://cd.lianjia.com/chengjiao/106101406366.html,佳州星城,2室1厅,70.41平米,140万
https://cd.lianjia.com/chengjiao/106101372093.html,高地,2室1厅,84平米,166万
https://cd.lianjia.com/chengjiao/106101291893.html,万科金域蓝湾一期,3室2厅,90.41平米,301万
https://cd.lianjia.com/chengjiao/106101166743.html,佳州星城,2室1厅,77.12平米,160万
https://cd.lianjia.com/chengjiao/106101228697.html,太阳公元一期,3室2厅,116.59平米,380万
https://cd.lianjia.com/chengjiao/106101240488.html,太阳公元一期,3室2厅,138平米,405万
https://cd.lianjia.com/chengjiao/106101319699.html,高地,车位,30.12平米,19万
https://cd.lianjia.com/chengjiao/106101288182.html,首创爱这城一二期,1室2厅,64.04平米,115万
https://cd.lianjia.com/chengjiao/106101197015.html,光明馨苑,2室1厅,55.62平米,78万
https://cd.lianjia.com/chengjiao/106101167092.html,首创爱这城一二期,2室2厅,88.6平米,145万
https://cd.lianjia.com/chengjiao/106101054202.html,万科金域蓝湾一期,车位,50.89平米,25万
https://cd.lianjia.com/chengjiao/106101226930.html,太阳公元一期,3室2厅,118.23平米,405万
https://cd.lianjia.com/chengjiao/106101122987.html,太阳公元一期,4室2厅,186.25平米,630万
https://cd.lianjia.com/chengjiao/106101172493.html,甲壳特区,1室1厅,40平米,57万
https://cd.lianjia.com/chengjiao/106100710189.html,太阳公元一期,3室2厅,100.86平米,315万
https://cd.lianjia.com/chengjiao/106101191635.html,首创爱这城一二期,3室2厅,115.24平米,260万
https://cd.lianjia.com/chengjiao/106101191656.html,首创爱这城一二期,车位,19.99平米,12万
https://cd.lianjia.com/chengjiao/106101141188.html,首创爱这城一二期,车位,19.99平米,14万
https://cd.lianjia.com/chengjiao/106101129714.html,甲壳特区,1室1厅,36.45平米,57万
https://cd.lianjia.com/chengjiao/106100842154.html,首创爱这城三期,3室2厅,92.94平米,206万
https://cd.lianjia.com/chengjiao/106100854502.html,首创爱这城一二期,3室2厅,115.35平米,255万
https://cd.lianjia.com/chengjiao/106101207657.html,高地,车位,33.74平米,18万
https://cd.lianjia.com/chengjiao/106100925098.html,建设南街8号,2室2厅,86.13平米,112万
https://cd.lianjia.com/chengjiao/106101181931.html,太阳公元一期,4室2厅,185.98平米,583万
https://cd.lianjia.com/chengjiao/106101158160.html,首创爱这城三期,1室1厅,44.26平米,84万
https://cd.lianjia.com/chengjiao/106100947447.html,佳州星城,1室0厅,30.12平米,67万
https://cd.lianjia.com/chengjiao/106101163366.html,万科金域蓝湾一期,车位,39.86平米,10万
https://cd.lianjia.com/chengjiao/106101110166.html,万科金域蓝湾一期,4室2厅,90平米,355万
https://cd.lianjia.com/chengjiao/106100938881.html,万科金域蓝湾二期,3室2厅,82.85平米,235万
https://cd.lianjia.com/chengjiao/106101127162.html,建设南街16号,2室1厅,60.1平米,85万
https://cd.lianjia.com/chengjiao/106101048484.html,建设南街16号,2室1厅,70.59平米,89万
https://cd.lianjia.com/chengjiao/106101059425.html,首创爱这城三期,车位,35.64平米,14万
https://cd.lianjia.com/chengjiao/106100703891.html,首创爱这城四期,3室2厅,123.84平米,280万
https://cd.lianjia.com/chengjiao/106101018501.html,首创爱这城一二期,车位,19.99平米,14万
https://cd.lianjia.com/chengjiao/106101011079.html,首创爱这城一二期,1室1厅,59.82平米,120万
https://cd.lianjia.com/chengjiao/106101102513.html,亚光小区,1室1厅,49.34平米,66万
https://cd.lianjia.com/chengjiao/106101117156.html,首创爱这城三期,车位,35.64平米,15万
https://cd.lianjia.com/chengjiao/106100869390.html,首创爱这城一二期,车位,43.2平米,15万
https://cd.lianjia.com/chengjiao/106101057633.html,建设公寓,2室2厅,95.39平米,135万
https://cd.lianjia.com/chengjiao/106101055974.html,高地,2室1厅,81.45平米,179万
https://cd.lianjia.com/chengjiao/106101093375.html,万科金域蓝湾一期,2室2厅,85平米,195万
https://cd.lianjia.com/chengjiao/106100935377.html,首创爱这城三期,车位,35.64平米,12万
https://cd.lianjia.com/chengjiao/106101002203.html,首创爱这城三期,2室1厅,70.03平米,148万
https://cd.lianjia.com/chengjiao/106100882511.html,国光九街坊,2室1厅,55.2平米,90万
https://cd.lianjia.com/chengjiao/106100926564.html,首创爱这城三期,2室1厅,70.91平米,145万
https://cd.lianjia.com/chengjiao/106101044619.html,建设南街14号,2室1厅,58.29平米,80万
https://cd.lianjia.com/chengjiao/106101030876.html,万科金域蓝湾一期,4室2厅,90.6平米,355万
https://cd.lianjia.com/chengjiao/106100735640.html,首创爱这城四期,3室2厅,158.54平米,360万
https://cd.lianjia.com/chengjiao/106100888772.html,首创爱这城一二期,2室2厅,89.55平米,187万
https://cd.lianjia.com/chengjiao/106100747944.html,甲壳特区,1室0厅,37.1平米,56万
https://cd.lianjia.com/chengjiao/106100712476.html,首创爱这城三期,2室2厅,81.94平米,165万
https://cd.lianjia.com/chengjiao/106100979554.html,国光九街坊,2室1厅,68.78平米,105万
https://cd.lianjia.com/chengjiao/106100935079.html,高地,车位,30.75平米,18万
https://cd.lianjia.com/chengjiao/106100762781.html,首创爱这城一二期,1室2厅,64平米,121万
https://cd.lianjia.com/chengjiao/106100996743.html,高地,2室2厅,80.67平米,177万
https://cd.lianjia.com/chengjiao/106100971735.html,西苑(成华),1室1厅,48.06平米,78万
https://cd.lianjia.com/chengjiao/106100865918.html,太阳公元一期,4室2厅,186平米,570万
https://cd.lianjia.com/chengjiao/106100702430.html,佳州星城,1室1厅,51.44平米,125万
https://cd.lianjia.com/chengjiao/106100851335.html,和信融锦云湾,1室2厅,51平米,110万
https://cd.lianjia.com/chengjiao/106100868339.html,万科金域蓝湾二期,4室2厅,91.18平米,360万
https://cd.lianjia.com/chengjiao/106100973449.html,八二宿舍二区,3室2厅,91.36平米,120万
https://cd.lianjia.com/chengjiao/106100982022.html,水岸花园,3室2厅,96平米,160万
https://cd.lianjia.com/chengjiao/106100700128.html,水岸花园,3室2厅,120.79平米,178万
https://cd.lianjia.com/chengjiao/106100969780.html,南苑(成华),2室1厅,57.5平米,81万
https://cd.lianjia.com/chengjiao/106100806726.html,和信融锦云湾,2室1厅,76.31平米,160万
https://cd.lianjia.com/chengjiao/106100849570.html,万科金域蓝湾一期,2室2厅,84.71平米,196万
https://cd.lianjia.com/chengjiao/106100921401.html,首创爱这城一二期,1室2厅,65.58平米,119万
https://cd.lianjia.com/chengjiao/106100674441.html,首创爱这城三期,1室1厅,44.5平米,88万
https://cd.lianjia.com/chengjiao/106100890626.html,万科金域蓝湾一期,3室2厅,89.38平米,210万
https://cd.lianjia.com/chengjiao/106100808350.html,千和苑,3室2厅,148.82平米,183万
https://cd.lianjia.com/chengjiao/106100906770.html,万科金域蓝湾一期,4室2厅,89.76平米,89万
https://cd.lianjia.com/chengjiao/106100935375.html,建设南新路7号院,2室1厅,67平米,94万
https://cd.lianjia.com/chengjiao/106100837043.html,首创爱这城一二期,2室2厅,89.28平米,156万
https://cd.lianjia.com/chengjiao/106100919274.html,高地,4室2厅,141.32平米,305万
https://cd.lianjia.com/chengjiao/106100889884.html,首创爱这城一二期,2室1厅,88.3平米,184万
https://cd.lianjia.com/chengjiao/106100826516.html,第五大道,2室2厅,78.09平米,136万
https://cd.lianjia.com/chengjiao/106100813612.html,太阳公元一期,1室1厅,63平米,180万
https://cd.lianjia.com/chengjiao/106100878798.html,首创爱这城一二期,1室1厅,57.51平米,123万
https://cd.lianjia.com/chengjiao/106100808084.html,红光一区,3室1厅,77.54平米,115万
https://cd.lianjia.com/chengjiao/106100862592.html,万科金域蓝湾一期,2室1厅,82.34平米,188万
https://cd.lianjia.com/chengjiao/106100693159.html,首创爱这城一二期,1室1厅,59.55平米,120万
https://cd.lianjia.com/chengjiao/106100852904.html,万科金域蓝湾一期,4室2厅,89.75平米,292万
https://cd.lianjia.com/chengjiao/106100874967.html,太阳公元一期,2室2厅,87.8平米,266万
https://cd.lianjia.com/chengjiao/106100776795.html,首创爱这城三期,车位,34.07平米,13万
https://cd.lianjia.com/chengjiao/106100707843.html,万科金域蓝湾一期,4室2厅,90.54平米,353万
https://cd.lianjia.com/chengjiao/106100782639.html,水岸花园,2室2厅,79.13平米,135万
https://cd.lianjia.com/chengjiao/106100849069.html,光明馨苑,2室1厅,61.05平米,94万
https://cd.lianjia.com/chengjiao/106100757892.html,首创爱这城一二期,2室2厅,104.9平米,175万
https://cd.lianjia.com/chengjiao/106100842143.html,佳州星城,1室1厅,51.41平米,118万
https://cd.lianjia.com/chengjiao/106100846174.html,太阳公元一期,3室2厅,116.59平米,358万
https://cd.lianjia.com/chengjiao/106100815321.html,佳州星城,1室1厅,51.28平米,110万
https://cd.lianjia.com/chengjiao/106100817526.html,万科金域蓝湾一期,2室1厅,84.7平米,202万
https://cd.lianjia.com/chengjiao/106100771097.html,永年村61组,2室2厅,85.1平米,114万
https://cd.lianjia.com/chengjiao/106100771270.html,红光小区(成华),2室1厅,54.35平米,78万
https://cd.lianjia.com/chengjiao/106100378937.html,万科金域蓝湾二期,车位,27.57平米,22万
https://cd.lianjia.com/chengjiao/106100789599.html,首创爱这城一二期,2室2厅,93.67平米,197万
https://cd.lianjia.com/chengjiao/106100821039.html,首创爱这城一二期,1室1厅,54.61平米,100万
https://cd.lianjia.com/chengjiao/106100782360.html,首创爱这城一二期,2室2厅,106.31平米,185万
https://cd.lianjia.com/chengjiao/106100816610.html,太阳公元一期,2室1厅,87.8平米,255万
https://cd.lianjia.com/chengjiao/106100713980.html,高地,3室3厅,167.62平米,388万
https://cd.lianjia.com/chengjiao/106100766819.html,建设南新路61号,2室2厅,73.55平米,92万
https://cd.lianjia.com/chengjiao/106100670822.html,佳州星城,2室2厅,72.49平米,162万
https://cd.lianjia.com/chengjiao/106100806433.html,甲壳特区,1室1厅,35.44平米,51万
https://cd.lianjia.com/chengjiao/106100680191.html,首创爱这城一二期,车位,34.07平米,14万
https://cd.lianjia.com/chengjiao/106100798930.html,八二新区,2室1厅,59平米,76万
https://cd.lianjia.com/chengjiao/106100715878.html,首创爱这城一二期,2室2厅,88.22平米,150万
https://cd.lianjia.com/chengjiao/106100780177.html,佳州星城,2室2厅,81.79平米,172万
https://cd.lianjia.com/chengjiao/106100656244.html,和信融锦云湾,3室2厅,77.45平米,148万
https://cd.lianjia.com/chengjiao/106100723103.html,光明馨苑,2室2厅,97.36平米,158万
https://cd.lianjia.com/chengjiao/106100696190.html,建设路46号院,3室1厅,95.13平米,116万
https://cd.lianjia.com/chengjiao/106100633995.html,万科金域蓝湾一期,4室2厅,90.41平米,352万
https://cd.lianjia.com/chengjiao/106100757184.html,太阳公元一期,1室2厅,62.38平米,176万
https://cd.lianjia.com/chengjiao/106100709611.html,太阳公元一期,1室1厅,62.38平米,180万
https://cd.lianjia.com/chengjiao/106100762193.html,万科金域蓝湾二期,2室2厅,90.01平米,240万
https://cd.lianjia.com/chengjiao/106100689097.html,首创爱这城一二期,1室1厅,57.77平米,105万
https://cd.lianjia.com/chengjiao/106100737588.html,和信融锦云湾,2室2厅,74.5平米,140万
https://cd.lianjia.com/chengjiao/106100772640.html,万科金域蓝湾一期,2室1厅,78平米,176万
https://cd.lianjia.com/chengjiao/106100755178.html,万科金域蓝湾一期,2室2厅,85.49平米,200万
https://cd.lianjia.com/chengjiao/106100730527.html,万科金域蓝湾一期,3室2厅,78平米,205万
https://cd.lianjia.com/chengjiao/106100727867.html,和信融锦云湾,2室1厅,74.88平米,148万
https://cd.lianjia.com/chengjiao/106100682273.html,万科金域蓝湾一期,3室1厅,89.75平米,300万
https://cd.lianjia.com/chengjiao/106100732383.html,千和苑,3室1厅,111.88平米,156万
https://cd.lianjia.com/chengjiao/106100704798.html,万科金域蓝湾一期,2室2厅,90.59平米,180万
https://cd.lianjia.com/chengjiao/106100751943.html,红光小区(成华),1室1厅,47.6平米,71万
https://cd.lianjia.com/chengjiao/106100623849.html,水岸花园,2室1厅,79.04平米,115万
https://cd.lianjia.com/chengjiao/106100723394.html,首创爱这城一二期,1室1厅,56.52平米,115万
https://cd.lianjia.com/chengjiao/106100683816.html,国光十街坊,2室1厅,60.73平米,84万
https://cd.lianjia.com/chengjiao/106100684863.html,水岸花园,3室2厅,94.66平米,158万
https://cd.lianjia.com/chengjiao/106100570269.html,和信融锦云湾,2室2厅,74.38平米,143万
https://cd.lianjia.com/chengjiao/106100663732.html,万科金域蓝湾一期,4室2厅,90平米,260万
https://cd.lianjia.com/chengjiao/106100727811.html,首创爱这城一二期,2室1厅,87.36平米,140万
https://cd.lianjia.com/chengjiao/106100681629.html,建设路46号院,3室1厅,70.24平米,93万
https://cd.lianjia.com/chengjiao/106100661275.html,万科金域蓝湾一期,2室2厅,78.33平米,175万
https://cd.lianjia.com/chengjiao/106100717773.html,高地,3室2厅,126.86平米,253万
https://cd.lianjia.com/chengjiao/106100583950.html,万科金域蓝湾一期,2室2厅,83平米,153万
https://cd.lianjia.com/chengjiao/106100665668.html,红光小区(成华),2室2厅,54.81平米,80万
https://cd.lianjia.com/chengjiao/106100429214.html,万科金域蓝湾一期,2室2厅,82.49平米,172万
https://cd.lianjia.com/chengjiao/106100652780.html,万科金域蓝湾一期,2室1厅,86.2平米,175万
https://cd.lianjia.com/chengjiao/106100686208.html,高地,3室2厅,121.61平米,255万
https://cd.lianjia.com/chengjiao/106100649368.html,万科金域蓝湾一期,2室1厅,82.49平米,162万
https://cd.lianjia.com/chengjiao/106100687715.html,八二宿舍二区,2室2厅,76平米,86万
https://cd.lianjia.com/chengjiao/106100543868.html,万科金域蓝湾一期,2室2厅,85平米,159万
https://cd.lianjia.com/chengjiao/106100549338.html,和信融锦云湾,2室2厅,79.77平米,134万
https://cd.lianjia.com/chengjiao/106100666306.html,首创爱这城一二期,2室2厅,86.05平米,142万
https://cd.lianjia.com/chengjiao/106100536978.html,万科金域蓝湾二期,4室2厅,91平米,278万
https://cd.lianjia.com/chengjiao/106100680506.html,建行宿舍(成华),2室1厅,55.87平米,70万
https://cd.lianjia.com/chengjiao/106100622960.html,首创爱这城一二期,2室1厅,92.07平米,145万
https://cd.lianjia.com/chengjiao/106100622910.html,太阳公元一期,3室1厅,109平米,284万
https://cd.lianjia.com/chengjiao/106100657192.html,首创爱这城一二期,2室1厅,85.47平米,142万
https://cd.lianjia.com/chengjiao/106100670026.html,首创爱这城一二期,1室1厅,64平米,111万
https://cd.lianjia.com/chengjiao/106100439125.html,万科金域蓝湾一期,2室2厅,83.68平米,160万
https://cd.lianjia.com/chengjiao/106100417326.html,首创爱这城一二期,1室1厅,63.77平米,108万
https://cd.lianjia.com/chengjiao/106100593029.html,佳州星城,2室2厅,79平米,138万
https://cd.lianjia.com/chengjiao/106100653955.html,菽香里社区,2室1厅,58.9平米,68万
https://cd.lianjia.com/chengjiao/106100652987.html,首创爱这城三期,2室1厅,83.35平米,149万
https://cd.lianjia.com/chengjiao/106100636255.html,万科金域蓝湾二期,3室2厅,84.68平米,187万
https://cd.lianjia.com/chengjiao/106100590413.html,首创爱这城一二期,3室1厅,117.33平米,191万
https://cd.lianjia.com/chengjiao/106100634968.html,八二宿舍二区,3室2厅,123平米,166万
https://cd.lianjia.com/chengjiao/106100643211.html,万科金域蓝湾一期,3室1厅,90.68平米,265万
https://cd.lianjia.com/chengjiao/106100611024.html,和信融锦云湾,1室2厅,50.78平米,87万
https://cd.lianjia.com/chengjiao/106100346853.html,新鸿路301号,2室2厅,51.2平米,62万
https://cd.lianjia.com/chengjiao/106100585892.html,高地,3室2厅,121.64平米,233万
https://cd.lianjia.com/chengjiao/106100592503.html,首创爱这城一二期,2室2厅,88.2平米,157万
https://cd.lianjia.com/chengjiao/106100373194.html,万科金域蓝湾一期,3室2厅,78.21平米,162万
https://cd.lianjia.com/chengjiao/106100608795.html,南苑(成华),2室2厅,57.5平米,66万
https://cd.lianjia.com/chengjiao/106100487893.html,红光小区(成华),2室1厅,54.35平米,70万
https://cd.lianjia.com/chengjiao/106100613135.html,首创爱这城四期,3室2厅,127.7平米,250万
https://cd.lianjia.com/chengjiao/106100344667.html,首创爱这城一二期,车位,34.07平米,12万
https://cd.lianjia.com/chengjiao/106100586958.html,高地,2室1厅,79.38平米,148万
https://cd.lianjia.com/chengjiao/106100493120.html,首创爱这城一二期,2室2厅,80.16平米,115万
https://cd.lianjia.com/chengjiao/106100370940.html,万科金域蓝湾一期,4室2厅,89平米,240万
https://cd.lianjia.com/chengjiao/106100444661.html,和信融锦云湾,1室1厅,50.78平米,78万
https://cd.lianjia.com/chengjiao/106100583624.html,万科金域蓝湾一期,3室2厅,84.7平米,180万
https://cd.lianjia.com/chengjiao/106100471618.html,首创爱这城一二期,2室2厅,80.16平米,123万
https://cd.lianjia.com/chengjiao/106100465914.html,和信融锦云湾,1室2厅,50.78平米,80万
https://cd.lianjia.com/chengjiao/106100419332.html,首创爱这城一二期,1室1厅,64.39平米,90万
https://cd.lianjia.com/chengjiao/106100575688.html,首创爱这城三期,3室1厅,96平米,158万
https://cd.lianjia.com/chengjiao/106100557496.html,建设南新路61号,2室2厅,73.55平米,77万
https://cd.lianjia.com/chengjiao/106100565043.html,首创爱这城三期,2室2厅,70.9平米,105万
https://cd.lianjia.com/chengjiao/106100544726.html,首创爱这城一二期,2室2厅,99.37平米,142万
https://cd.lianjia.com/chengjiao/106100487907.html,首创爱这城一二期,3室2厅,138.81平米,220万
https://cd.lianjia.com/chengjiao/106100551966.html,建设公寓,2室2厅,99.24平米,100万
https://cd.lianjia.com/chengjiao/106100363823.html,高地,3室2厅,109.76平米,185万
https://cd.lianjia.com/chengjiao/106100535838.html,首创爱这城一二期,1室1厅,57.51平米,94万
https://cd.lianjia.com/chengjiao/106100471722.html,新鸿路301号,2室2厅,94.99平米,97万
https://cd.lianjia.com/chengjiao/106100212920.html,首创爱这城三期,2室2厅,93.78平米,125万
https://cd.lianjia.com/chengjiao/106100397680.html,万科金域蓝湾一期,2室2厅,83.68平米,137万
https://cd.lianjia.com/chengjiao/106100542001.html,高地,1室2厅,71.93平米,95万
https://cd.lianjia.com/chengjiao/106100526300.html,首创爱这城一二期,1室1厅,54.61平米,69万
https://cd.lianjia.com/chengjiao/106100536392.html,万科金域蓝湾二期,车位,101.77平米,7万
https://cd.lianjia.com/chengjiao/106100528691.html,万科金域蓝湾二期,3室2厅,165.98平米,40万
https://cd.lianjia.com/chengjiao/106100330372.html,首创爱这城三期,2室2厅,80.27平米,124万
https://cd.lianjia.com/chengjiao/106100311633.html,万科金域蓝湾二期,4室2厅,88.3平米,278万
https://cd.lianjia.com/chengjiao/106100336269.html,太阳公元一期,2室1厅,87.8平米,190万
https://cd.lianjia.com/chengjiao/106100499536.html,红光小区(成华),2室2厅,62.13平米,70万
https://cd.lianjia.com/chengjiao/106100411714.html,首创爱这城一二期,2室2厅,79.5平米,127万
https://cd.lianjia.com/chengjiao/106100500649.html,国光九街坊,2室1厅,49.5平米,59万
https://cd.lianjia.com/chengjiao/106100377652.html,万科金域蓝湾二期,3室2厅,84.68平米,168万
https://cd.lianjia.com/chengjiao/106100398502.html,万科金域蓝湾一期,3室2厅,85.11平米,160万
https://cd.lianjia.com/chengjiao/106100464687.html,首创爱这城三期,2室2厅,80.27平米,117万
https://cd.lianjia.com/chengjiao/106100364480.html,和信融锦云湾,2室2厅,74.88平米,106万
https://cd.lianjia.com/chengjiao/106100210797.html,和信融锦云湾,2室1厅,74.38平米,108万
https://cd.lianjia.com/chengjiao/106100378292.html,首创爱这城一二期,车位,34.07平米,15万
https://cd.lianjia.com/chengjiao/106100470776.html,首创爱这城一二期,1室1厅,57平米,82万
https://cd.lianjia.com/chengjiao/106100384243.html,首创爱这城一二期,2室2厅,89.28平米,123万
https://cd.lianjia.com/chengjiao/106100373106.html,万科金域蓝湾一期,3室1厅,85.49平米,159万
https://cd.lianjia.com/chengjiao/106100118940.html,首创爱这城一二期,1室1厅,54.61平米,63万
https://cd.lianjia.com/chengjiao/106100407878.html,菽香里社区,2室1厅,57.26平米,60万
https://cd.lianjia.com/chengjiao/106100406042.html,首创爱这城一二期,2室2厅,88.2平米,144万
https://cd.lianjia.com/chengjiao/106100258529.html,首创爱这城一二期,车位,34.07平米,12万
https://cd.lianjia.com/chengjiao/106100332825.html,万科金域蓝湾一期,4室2厅,89.75平米,245万
https://cd.lianjia.com/chengjiao/106100439110.html,万科金域蓝湾一期,4室2厅,91.08平米,288万
https://cd.lianjia.com/chengjiao/106100434693.html,首创爱这城一二期,2室1厅,89.47平米,134万
https://cd.lianjia.com/chengjiao/106100201092.html,高地,3室2厅,131.8平米,245万
https://cd.lianjia.com/chengjiao/106100270626.html,首创爱这城一二期,2室2厅,89.28平米,113万
https://cd.lianjia.com/chengjiao/106100255244.html,千和苑,3室2厅,111.88平米,115万
https://cd.lianjia.com/chengjiao/106100447399.html,万科金域蓝湾一期,车位,37.98平米,20万
https://cd.lianjia.com/chengjiao/106100293747.html,和信融锦云湾,2室1厅,74.38平米,116万
https://cd.lianjia.com/chengjiao/106100429774.html,高地,2室2厅,84.39平米,151万
https://cd.lianjia.com/chengjiao/106100352825.html,太阳公元一期,2室1厅,87.8平米,190万
https://cd.lianjia.com/chengjiao/106100421126.html,高地,2室2厅,89.29平米,172万
https://cd.lianjia.com/chengjiao/106100281417.html,建设中街15号,2室2厅,48.41平米,54万
https://cd.lianjia.com/chengjiao/106100406410.html,太阳公元一期,4室2厅,186.2平米,396万
https://cd.lianjia.com/chengjiao/106100396603.html,首创爱这城三期,2室1厅,79.32平米,106万
https://cd.lianjia.com/chengjiao/106100353507.html,高地,3室2厅,124.38平米,206万
https://cd.lianjia.com/chengjiao/106100340094.html,首创爱这城四期,4室2厅,128.45平米,225万
https://cd.lianjia.com/chengjiao/106100295397.html,水岸花园,3室2厅,96.89平米,132万
https://cd.lianjia.com/chengjiao/106100385365.html,和信融锦云湾,2室2厅,76.31平米,109万
https://cd.lianjia.com/chengjiao/106100312969.html,甲壳特区,1室1厅,35.44平米,43万
https://cd.lianjia.com/chengjiao/106100363801.html,万科金域蓝湾一期,4室2厅,89.76平米,237万
https://cd.lianjia.com/chengjiao/106100281262.html,和信融锦云湾,2室2厅,80.69平米,121万
https://cd.lianjia.com/chengjiao/106100337635.html,光明馨苑,3室2厅,98.11平米,110万
https://cd.lianjia.com/chengjiao/106100163059.html,万科金域蓝湾一期,2室2厅,60.85平米,100万
https://cd.lianjia.com/chengjiao/106100107267.html,万科金域蓝湾一期,2室2厅,85.49平米,145万
https://cd.lianjia.com/chengjiao/106100219407.html,万科金域蓝湾一期,3室2厅,85.11平米,160万
https://cd.lianjia.com/chengjiao/106092915060.html,建设南街8号,2室2厅,85.76平米,73万
https://cd.lianjia.com/chengjiao/106100213892.html,首创爱这城三期,2室2厅,93.78平米,120万
https://cd.lianjia.com/chengjiao/106100272438.html,首创爱这城一二期,3室2厅,115.23平米,168万
https://cd.lianjia.com/chengjiao/106092722172.html,红光三区,2室1厅,63.63平米,58万
https://cd.lianjia.com/chengjiao/106100271888.html,高地,3室2厅,124.15平米,230万
https://cd.lianjia.com/chengjiao/106100257364.html,万科金域蓝湾一期,5室2厅,171平米,430万
https://cd.lianjia.com/chengjiao/106100177936.html,万科金域蓝湾一期,车位,39.86平米,25万
https://cd.lianjia.com/chengjiao/106100071471.html,和信融锦云湾,2室2厅,77.45平米,88万
https://cd.lianjia.com/chengjiao/106100230879.html,首创爱这城一二期,1室2厅,63.87平米,70万
https://cd.lianjia.com/chengjiao/106100231037.html,首创爱这城一二期,1室1厅,57平米,80万
https://cd.lianjia.com/chengjiao/106092913760.html,水岸花园,3室1厅,94.95平米,109万
https://cd.lianjia.com/chengjiao/106100243286.html,首创爱这城三期,1室0厅,44平米,55万
https://cd.lianjia.com/chengjiao/106100251358.html,万科金域蓝湾一期,3室1厅,85平米,165万
https://cd.lianjia.com/chengjiao/106100226577.html,万科金域蓝湾二期,3室2厅,84平米,156万
https://cd.lianjia.com/chengjiao/106100232300.html,万科金域蓝湾一期,3室2厅,90.46平米,130万
https://cd.lianjia.com/chengjiao/106100245412.html,建设公寓,2室2厅,77.43平米,82万
https://cd.lianjia.com/chengjiao/106100110821.html,首创爱这城三期,3室1厅,81平米,118万
https://cd.lianjia.com/chengjiao/106100240627.html,国光九街坊,2室1厅,57.75平米,57万
https://cd.lianjia.com/chengjiao/106100218722.html,红光三区,3室2厅,79.93平米,93万
https://cd.lianjia.com/chengjiao/106092577206.html,八二宿舍二区,3室2厅,91.36平米,88万
https://cd.lianjia.com/chengjiao/106100228727.html,和信融锦云湾,2室2厅,76.77平米,105万
https://cd.lianjia.com/chengjiao/106100218561.html,万科金域蓝湾一期,3室2厅,85平米,150万
https://cd.lianjia.com/chengjiao/106100208907.html,国光九街坊,2室1厅,55.2平米,60万
https://cd.lianjia.com/chengjiao/106100200268.html,首创爱这城一二期,车位,34.07平米,10万
https://cd.lianjia.com/chengjiao/106100214058.html,首创爱这城一二期,2室2厅,86.5平米,121万
https://cd.lianjia.com/chengjiao/106100066226.html,高地,3室1厅,109.82平米,158万
https://cd.lianjia.com/chengjiao/106100213940.html,万科金域蓝湾一期,车位,39.86平米,25万
https://cd.lianjia.com/chengjiao/106100212435.html,首创爱这城一二期,2室1厅,89.7平米,100万
https://cd.lianjia.com/chengjiao/106100152596.html,万科金域蓝湾一期,4室2厅,89.87平米,240万
https://cd.lianjia.com/chengjiao/106100131595.html,永年村61组,2室2厅,85平米,83万
https://cd.lianjia.com/chengjiao/106100170422.html,菽香里社区,2室1厅,61.85平米,62万
https://cd.lianjia.com/chengjiao/106100122168.html,亚光小区,2室1厅,68.89平米,73万
https://cd.lianjia.com/chengjiao/106100203430.html,菽香里社区,3室2厅,82.9平米,76万
https://cd.lianjia.com/chengjiao/106100205667.html,首创爱这城三期,2室2厅,80.27平米,96万
https://cd.lianjia.com/chengjiao/106100203970.html,首创爱这城四期,4室2厅,152.8平米,245万
https://cd.lianjia.com/chengjiao/106100140173.html,建设公寓,2室2厅,95.54平米,87万
https://cd.lianjia.com/chengjiao/106091364963.html,首创爱这城四期,4室2厅,156.31平米,264万
https://cd.lianjia.com/chengjiao/106100140187.html,建设公寓,3室2厅,119.87平米,120万
https://cd.lianjia.com/chengjiao/106100170447.html,万科金域蓝湾一期,2室2厅,85平米,128万
https://cd.lianjia.com/chengjiao/106100155634.html,和信融锦云湾,2室2厅,79.64平米,100万
https://cd.lianjia.com/chengjiao/106100174490.html,首创爱这城三期,2室2厅,70平米,92万
https://cd.lianjia.com/chengjiao/106100133409.html,首创爱这城一二期,2室1厅,86.48平米,135万
https://cd.lianjia.com/chengjiao/106100190073.html,首创爱这城三期,2室2厅,79.28平米,105万
https://cd.lianjia.com/chengjiao/106100186240.html,首创爱这城一二期,3室1厅,87.36平米,93万
https://cd.lianjia.com/chengjiao/106091312978.html,首创爱这城四期,3室2厅,147平米,255万
https://cd.lianjia.com/chengjiao/106092862739.html,永年村61组,2室2厅,85.01平米,72万
https://cd.lianjia.com/chengjiao/106100189442.html,首创爱这城一二期,1室2厅,64平米,72万
https://cd.lianjia.com/chengjiao/106092504494.html,首创爱这城一二期,1室1厅,55.34平米,55万
https://cd.lianjia.com/chengjiao/106100048655.html,万科金域蓝湾一期,4室2厅,151平米,330万
https://cd.lianjia.com/chengjiao/106100181805.html,高地,3室2厅,126.4平米,195万
https://cd.lianjia.com/chengjiao/106100101866.html,南苑(成华),1室1厅,57.5平米,49万
https://cd.lianjia.com/chengjiao/106100128652.html,首创爱这城一二期,1室0厅,55.34平米,55万
https://cd.lianjia.com/chengjiao/106100148047.html,首创爱这城三期,2室1厅,70平米,92万
https://cd.lianjia.com/chengjiao/106100177029.html,首创爱这城一二期,2室2厅,105平米,113万
https://cd.lianjia.com/chengjiao/106100141540.html,万科金域蓝湾一期,2室2厅,85平米,128万
https://cd.lianjia.com/chengjiao/106100048157.html,首创爱这城一二期,1室1厅,55.34平米,58万
https://cd.lianjia.com/chengjiao/106100140922.html,高地,2室2厅,81平米,94万
https://cd.lianjia.com/chengjiao/106100171571.html,首创爱这城三期,2室2厅,81.67平米,97万
https://cd.lianjia.com/chengjiao/106100124476.html,首创爱这城一二期,2室2厅,93.28平米,118万
https://cd.lianjia.com/chengjiao/106100069248.html,首创爱这城一二期,1室1厅,63.67平米,76万
https://cd.lianjia.com/chengjiao/106100102601.html,和信融锦云湾,2室2厅,74平米,90万
https://cd.lianjia.com/chengjiao/106100141198.html,菽香里社区,2室1厅,70.18平米,60万
https://cd.lianjia.com/chengjiao/106100161926.html,首创爱这城一二期,2室2厅,88.2平米,109万
https://cd.lianjia.com/chengjiao/106100121681.html,高地,2室1厅,79.18平米,107万
https://cd.lianjia.com/chengjiao/106092941477.html,和信融锦云湾,2室2厅,79.77平米,109万
https://cd.lianjia.com/chengjiao/106100153478.html,高地,2室2厅,85.53平米,118万
https://cd.lianjia.com/chengjiao/106092854062.html,万科金域蓝湾二期,3室2厅,165.98平米,240万
https://cd.lianjia.com/chengjiao/106092845242.html,首创爱这城一二期,2室1厅,89.73平米,96万
https://cd.lianjia.com/chengjiao/106100146843.html,万科金域蓝湾二期,3室2厅,109平米,228万
https://cd.lianjia.com/chengjiao/106092872985.html,和信融锦云湾,2室2厅,77.45平米,92万
https://cd.lianjia.com/chengjiao/106092893738.html,光明馨苑,2室1厅,91.97平米,80万
https://cd.lianjia.com/chengjiao/106092729228.html,一环路东二段13号,2室1厅,76.29平米,65万
https://cd.lianjia.com/chengjiao/106092938922.html,国光九街坊,2室1厅,55.22平米,53万
https://cd.lianjia.com/chengjiao/106100150338.html,首创爱这城一二期,2室2厅,87.55平米,105万
https://cd.lianjia.com/chengjiao/106092166983.html,首创爱这城一二期,1室1厅,55.34平米,54万
https://cd.lianjia.com/chengjiao/106092916536.html,建设路46号院,2室2厅,67.72平米,65万
https://cd.lianjia.com/chengjiao/106092773672.html,万科金域蓝湾一期,2室2厅,89.4平米,120万
https://cd.lianjia.com/chengjiao/106092943825.html,光明馨苑,2室2厅,97.45平米,90万
https://cd.lianjia.com/chengjiao/106100129600.html,万科金域蓝湾一期,3室2厅,86平米,127万
https://cd.lianjia.com/chengjiao/106100139996.html,万科金域蓝湾一期,4室2厅,87平米,201万
https://cd.lianjia.com/chengjiao/106092780264.html,高地,3室2厅,114.84平米,166万
https://cd.lianjia.com/chengjiao/106100082955.html,首创爱这城三期,2室2厅,82平米,103万
https://cd.lianjia.com/chengjiao/106100117172.html,菽香里社区,3室1厅,80.92平米,76万
https://cd.lianjia.com/chengjiao/106100101006.html,高地,2室1厅,80.76平米,85万
https://cd.lianjia.com/chengjiao/106092823445.html,首创爱这城一二期,3室2厅,141.2平米,150万
https://cd.lianjia.com/chengjiao/106100131588.html,建设路46号院,2室1厅,70.24平米,64万
https://cd.lianjia.com/chengjiao/106092941414.html,首创爱这城三期,2室1厅,81.67平米,85万
https://cd.lianjia.com/chengjiao/106092943142.html,首创爱这城三期,1室1厅,44.26平米,51万
https://cd.lianjia.com/chengjiao/106092094171.html,首创爱这城一二期,3室2厅,137.32平米,140万
https://cd.lianjia.com/chengjiao/106100116070.html,和信融锦云湾,2室2厅,76.77平米,96万
https://cd.lianjia.com/chengjiao/106092901781.html,和信融锦云湾,2室1厅,79.77平米,105万
https://cd.lianjia.com/chengjiao/106100094133.html,万科金域蓝湾一期,2室2厅,85平米,120万
https://cd.lianjia.com/chengjiao/106100109293.html,高地,车位,32平米,20万
https://cd.lianjia.com/chengjiao/106100104207.html,首创爱这城四期,3室1厅,126平米,182万
https://cd.lianjia.com/chengjiao/106092710260.html,万科金域蓝湾一期,3室2厅,89平米,123万
https://cd.lianjia.com/chengjiao/106100057530.html,万科金域蓝湾一期,2室2厅,85.39平米,110万
https://cd.lianjia.com/chengjiao/106092888645.html,首创爱这城一二期,车位,34.07平米,12万
https://cd.lianjia.com/chengjiao/106092883489.html,永年村61组,1室0厅,31.03平米,33万
https://cd.lianjia.com/chengjiao/106092863948.html,高地,2室1厅,79.18平米,90万
https://cd.lianjia.com/chengjiao/106092457155.html,首创爱这城一二期,3室2厅,147.02平米,156万
https://cd.lianjia.com/chengjiao/106100082523.html,万科金域蓝湾二期,3室2厅,109平米,167万
https://cd.lianjia.com/chengjiao/106100074192.html,首创爱这城三期,1室1厅,44.27平米,51万
https://cd.lianjia.com/chengjiao/106092821243.html,首创爱这城一二期,2室2厅,82.59平米,80万
https://cd.lianjia.com/chengjiao/106100067078.html,万科金域蓝湾一期,4室1厅,89.87平米,180万
https://cd.lianjia.com/chengjiao/106092941176.html,水岸花园,3室2厅,122.17平米,106万
https://cd.lianjia.com/chengjiao/106100038740.html,万科金域蓝湾一期,3室2厅,85.58平米,121万
https://cd.lianjia.com/chengjiao/106092920399.html,和信融锦云湾,2室1厅,74.5平米,87万
https://cd.lianjia.com/chengjiao/106092823078.html,首创爱这城四期,3室2厅,145.49平米,215万
https://cd.lianjia.com/chengjiao/106092899383.html,首创爱这城四期,4室2厅,127平米,176万
https://cd.lianjia.com/chengjiao/106100037001.html,美印厂宿舍,2室1厅,53.41平米,40万
https://cd.lianjia.com/chengjiao/106092861332.html,万科金域蓝湾一期,3室2厅,88.58平米,113万
https://cd.lianjia.com/chengjiao/106092117921.html,和信融锦云湾,1室1厅,50.78平米,59万
https://cd.lianjia.com/chengjiao/106100021138.html,首创爱这城三期,2室2厅,82.01平米,92万
https://cd.lianjia.com/chengjiao/106100028170.html,首创爱这城一二期,2室2厅,87.36平米,90万
https://cd.lianjia.com/chengjiao/106092890024.html,首创爱这城一二期,2室1厅,93.52平米,100万
https://cd.lianjia.com/chengjiao/106100028146.html,红光三区,3室2厅,79.93平米,64万
https://cd.lianjia.com/chengjiao/106092922097.html,万科金域蓝湾一期,2室2厅,85平米,106万
https://cd.lianjia.com/chengjiao/106092436981.html,首创爱这城一二期,3室2厅,114平米,125万
https://cd.lianjia.com/chengjiao/106089290389.html,万科金域蓝湾一期,3室2厅,87平米,140万
https://cd.lianjia.com/chengjiao/106091933817.html,首创爱这城四期,4室2厅,161平米,179万
https://cd.lianjia.com/chengjiao/106092932245.html,万科金域蓝湾一期,3室2厅,84.33平米,125万
https://cd.lianjia.com/chengjiao/106092697244.html,首创爱这城四期,3室2厅,128.96平米,174万
https://cd.lianjia.com/chengjiao/106092811035.html,万科金域蓝湾一期,2室2厅,83平米,102万
https://cd.lianjia.com/chengjiao/106092878747.html,菽香里社区,2室1厅,57.26平米,45万
https://cd.lianjia.com/chengjiao/106100011015.html,红光小区(成华),1室1厅,47.67平米,44万
https://cd.lianjia.com/chengjiao/CDCH92934668.html,红光一区,3室2厅,76.49平米,58万
https://cd.lianjia.com/chengjiao/CDCH91597928.html,万科金域蓝湾一期,2室1厅,83.68平米,89万
https://cd.lianjia.com/chengjiao/CDCH92873475.html,首创爱这城三期,2室2厅,86.95平米,103万
https://cd.lianjia.com/chengjiao/CDCH92545599.html,首创爱这城一二期,3室2厅,115.24平米,127万
https://cd.lianjia.com/chengjiao/CDCH92086715.html,光明馨苑,2室2厅,86.08平米,66万
https://cd.lianjia.com/chengjiao/CDCH92859881.html,高地,3室2厅,121.61平米,151万
https://cd.lianjia.com/chengjiao/CDCH92846379.html,菽香里社区,2室1厅,60.41平米,51万
https://cd.lianjia.com/chengjiao/CDCH92798690.html,万科金域蓝湾一期,2室2厅,89.42平米,89万
https://cd.lianjia.com/chengjiao/CDCH92750541.html,首创爱这城一二期,3室2厅,144.31平米,153万
https://cd.lianjia.com/chengjiao/CDCH92891269.html,高地,2室2厅,79.68平米,115万
https://cd.lianjia.com/chengjiao/CDCH92833910.html,首创爱这城一二期,2室1厅,93平米,93万
https://cd.lianjia.com/chengjiao/CDCH92770750.html,红光一区,2室2厅,64.21平米,52万
https://cd.lianjia.com/chengjiao/CDCH91694880.html,万科金域蓝湾一期,2室1厅,82.33平米,95万
https://cd.lianjia.com/chengjiao/CDCH92879311.html,亚光小区,2室1厅,61.17平米,49万
https://cd.lianjia.com/chengjiao/CDCH92832338.html,首创爱这城一二期,1室1厅,55.34平米,59万
https://cd.lianjia.com/chengjiao/CDCH91538789.html,首创爱这城一二期,2室1厅,87.04平米,78万
https://cd.lianjia.com/chengjiao/CDCH92869035.html,高地,3室2厅,128.79平米,155万
https://cd.lianjia.com/chengjiao/CDCH92872205.html,高地,2室2厅,88.11平米,112万
https://cd.lianjia.com/chengjiao/CDCH92891778.html,建设路46号院,2室2厅,70.24平米,60万
https://cd.lianjia.com/chengjiao/CDCH92868892.html,万科金域蓝湾一期,4室2厅,107.17平米,215万
https://cd.lianjia.com/chengjiao/CDCH92247190.html,首创爱这城一二期,1室1厅,64.46平米,63万
https://cd.lianjia.com/chengjiao/CDCH92861016.html,首创爱这城三期,2室2厅,81.57平米,101万
https://cd.lianjia.com/chengjiao/CDCH92562602.html,首创爱这城四期,3室2厅,131.67平米,160万
https://cd.lianjia.com/chengjiao/CDCH92743194.html,万科金域蓝湾一期,2室2厅,85.47平米,94万
https://cd.lianjia.com/chengjiao/CDCH92510281.html,高地,3室1厅,121.95平米,150万
https://cd.lianjia.com/chengjiao/CDCH92876445.html,水岸花园,2室1厅,99.99平米,92万
https://cd.lianjia.com/chengjiao/CDCH91457767.html,首创爱这城一二期,1室1厅,64.39平米,61万
https://cd.lianjia.com/chengjiao/CDCH92318374.html,首创爱这城四期,3室2厅,129.92平米,185万
https://cd.lianjia.com/chengjiao/CDCH92688470.html,万科金域蓝湾一期,2室1厅,82.49平米,89万
https://cd.lianjia.com/chengjiao/CDCH92805574.html,万科金域蓝湾一期,2室1厅,85.49平米,96万
https://cd.lianjia.com/chengjiao/CDCH92863204.html,万科金域蓝湾一期,2室2厅,82.49平米,95万
https://cd.lianjia.com/chengjiao/CDCH92623580.html,和信融锦云湾,2室2厅,76.42平米,93万
https://cd.lianjia.com/chengjiao/CDCH92850717.html,万科金域蓝湾一期,3室2厅,84.7平米,110万
https://cd.lianjia.com/chengjiao/CDCH92831480.html,高地,2室2厅,88.74平米,105万
https://cd.lianjia.com/chengjiao/CDCH92608866.html,首创爱这城一二期,2室1厅,92.41平米,101万
https://cd.lianjia.com/chengjiao/CDCH92763345.html,水岸花园,3室2厅,96.64平米,94万
https://cd.lianjia.com/chengjiao/CDCH91457505.html,和信融锦云湾,2室2厅,74.88平米,82万
https://cd.lianjia.com/chengjiao/CDCH92619957.html,高地,2室1厅,80.41平米,96万
https://cd.lianjia.com/chengjiao/CDCH92190162.html,首创爱这城一二期,1室1厅,65.58平米,65万
https://cd.lianjia.com/chengjiao/CDCH92784137.html,万科金域蓝湾一期,2室1厅,80.29平米,97万
https://cd.lianjia.com/chengjiao/CDCH92825341.html,高地,2室1厅,90.62平米,118万
https://cd.lianjia.com/chengjiao/CDCH91179324.html,水岸花园,3室2厅,95.49平米,87万
https://cd.lianjia.com/chengjiao/CDCH92586367.html,万科金域蓝湾一期,4室2厅,87.42平米,156万
https://cd.lianjia.com/chengjiao/CDCH92750109.html,高地,2室2厅,84.32平米,102万
https://cd.lianjia.com/chengjiao/CDCH92583259.html,首创爱这城四期,5室2厅,154.67平米,185万
https://cd.lianjia.com/chengjiao/CDCH92388267.html,万科金域蓝湾一期,2室2厅,91.1平米,122万
https://cd.lianjia.com/chengjiao/CDCH92194962.html,高地,2室1厅,88.74平米,93万
https://cd.lianjia.com/chengjiao/CDCH92812624.html,首创爱这城一二期,2室2厅,89.55平米,98万
https://cd.lianjia.com/chengjiao/CDCH92748358.html,首创爱这城一二期,4室1厅,143.3平米,136万
https://cd.lianjia.com/chengjiao/CDCH92559695.html,万科金域蓝湾一期,3室2厅,89.3平米,116万
https://cd.lianjia.com/chengjiao/CDCH92214139.html,高地,3室2厅,120.45平米,141万
https://cd.lianjia.com/chengjiao/CDCH92251209.html,首创爱这城三期,2室1厅,80.27平米,84万
https://cd.lianjia.com/chengjiao/CDCH92712545.html,万科金域蓝湾二期,2室2厅,90.01平米,113万
https://cd.lianjia.com/chengjiao/CDCH92638806.html,首创爱这城一二期,2室2厅,106.25平米,95万
https://cd.lianjia.com/chengjiao/CDCH92771034.html,万科金域蓝湾一期,3室1厅,91.27平米,190万
https://cd.lianjia.com/chengjiao/CDCH92716472.html,万科金域蓝湾一期,3室2厅,84.7平米,98万
https://cd.lianjia.com/chengjiao/CDCH92022699.html,首创爱这城一二期,1室1厅,63.87平米,69万
https://cd.lianjia.com/chengjiao/CDCH92709109.html,红光一区,2室1厅,60.56平米,48万
https://cd.lianjia.com/chengjiao/CDCH92785335.html,首创爱这城一二期,2室2厅,88.22平米,88万
https://cd.lianjia.com/chengjiao/CDCH92725494.html,高地,2室1厅,88.89平米,98万
https://cd.lianjia.com/chengjiao/CDCH91490757.html,首创爱这城一二期,2室2厅,93平米,89万
https://cd.lianjia.com/chengjiao/CDCH92707468.html,首创爱这城三期,2室2厅,80.27平米,83万
https://cd.lianjia.com/chengjiao/CDCH92757182.html,万科金域蓝湾一期,3室2厅,91.14平米,177万
https://cd.lianjia.com/chengjiao/CDCH92458344.html,高地,2室1厅,79.64平米,92万
https://cd.lianjia.com/chengjiao/CDCH92526754.html,红光三区,2室1厅,63.63平米,50万
https://cd.lianjia.com/chengjiao/CDCH92129874.html,高地,3室2厅,114.84平米,126万
https://cd.lianjia.com/chengjiao/CDCH90700419.html,首创爱这城一二期,1室1厅,63.87平米,61万
https://cd.lianjia.com/chengjiao/CDCH92724335.html,首创爱这城一二期,2室2厅,88.2平米,98万
https://cd.lianjia.com/chengjiao/CDCH92614256.html,首创爱这城一二期,3室2厅,143.26平米,133万
https://cd.lianjia.com/chengjiao/CDCH92684256.html,万科金域蓝湾一期,3室2厅,85.11平米,116万
https://cd.lianjia.com/chengjiao/CDCH92516402.html,首创爱这城一二期,1室0厅,55.34平米,47万
https://cd.lianjia.com/chengjiao/CDCH92609082.html,高地,2室2厅,80.68平米,99万
https://cd.lianjia.com/chengjiao/CDCH92733162.html,首创爱这城一二期,2室2厅,88.29平米,99万
https://cd.lianjia.com/chengjiao/CDCH92743424.html,万科金域蓝湾一期,2室2厅,84.6平米,95万
https://cd.lianjia.com/chengjiao/CDCH91761196.html,万科金域蓝湾一期,4室2厅,107.17平米,200万
https://cd.lianjia.com/chengjiao/CDCH91366389.html,红光三区,3室2厅,79.83平米,62万
https://cd.lianjia.com/chengjiao/CDCH91924707.html,首创爱这城一二期,2室1厅,93.67平米,90万
https://cd.lianjia.com/chengjiao/CDCH92419004.html,万科金域蓝湾一期,2室2厅,84.6平米,93万
https://cd.lianjia.com/chengjiao/CDCH92302834.html,万科金域蓝湾一期,3室2厅,82.72平米,126万
https://cd.lianjia.com/chengjiao/CDCH92064185.html,首创爱这城四期,3室1厅,125.42平米,163万
https://cd.lianjia.com/chengjiao/CDCH91852420.html,首创爱这城一二期,1室1厅,63.67平米,61万
https://cd.lianjia.com/chengjiao/CDCH92113506.html,首创爱这城一二期,2室2厅,89.6平米,90万
https://cd.lianjia.com/chengjiao/CDCH92700509.html,首创爱这城三期,1室1厅,44.26平米,47万
https://cd.lianjia.com/chengjiao/CDCH92555773.html,万科金域蓝湾一期,5室2厅,107.17平米,198万
https://cd.lianjia.com/chengjiao/CDCH89213307.html,首创爱这城一二期,2室2厅,87.55平米,83万
https://cd.lianjia.com/chengjiao/CDCH91353906.html,万科金域蓝湾一期,3室2厅,85.73平米,95万
https://cd.lianjia.com/chengjiao/CDCH91790444.html,首创爱这城一二期,2室2厅,106.31平米,96万
https://cd.lianjia.com/chengjiao/CDCH92430402.html,首创爱这城一二期,2室1厅,89.55平米,85万
https://cd.lianjia.com/chengjiao/CDCH92156318.html,首创爱这城一二期,2室2厅,93.67平米,80万
https://cd.lianjia.com/chengjiao/CDCH92622345.html,国光九街坊,2室1厅,55.22平米,51万
https://cd.lianjia.com/chengjiao/CDCH92693650.html,万科金域蓝湾一期,2室2厅,84.6平米,93万
https://cd.lianjia.com/chengjiao/CDCH92459262.html,万科金域蓝湾一期,3室1厅,85.57平米,109万
https://cd.lianjia.com/chengjiao/CDCH91966203.html,万科金域蓝湾二期,3室1厅,84.68平米,103万
https://cd.lianjia.com/chengjiao/CDCH92596323.html,和信融锦云湾,2室2厅,78.16平米,85万
https://cd.lianjia.com/chengjiao/CDCH92364034.html,首创爱这城一二期,2室1厅,88.22平米,76万
https://cd.lianjia.com/chengjiao/CDCH92531400.html,万科金域蓝湾一期,3室2厅,84.53平米,90万
https://cd.lianjia.com/chengjiao/CDCH92466947.html,高地,2室2厅,88.11平米,90万
https://cd.lianjia.com/chengjiao/CDCH92479717.html,万科金域蓝湾一期,3室2厅,89.67平米,167万
https://cd.lianjia.com/chengjiao/CDCH92649234.html,首创爱这城一二期,3室2厅,144.44平米,144万
https://cd.lianjia.com/chengjiao/CDCH92690416.html,万科金域蓝湾一期,4室2厅,87.42平米,162万
https://cd.lianjia.com/chengjiao/CDCH92626338.html,首创爱这城一二期,2室2厅,80.16平米,72万
https://cd.lianjia.com/chengjiao/CDCH89367992.html,首创爱这城一二期,3室2厅,138.11平米,126万
https://cd.lianjia.com/chengjiao/CDCH92558951.html,万科金域蓝湾一期,3室2厅,85.49平米,108万
https://cd.lianjia.com/chengjiao/CDCH92594585.html,万科金域蓝湾一期,4室2厅,90.6平米,173万
https://cd.lianjia.com/chengjiao/CDCH92447255.html,红光小区(成华),3室1厅,76.01平米,62万
https://cd.lianjia.com/chengjiao/CDCH92063973.html,首创爱这城一二期,2室2厅,89.28平米,79万
https://cd.lianjia.com/chengjiao/CDCH89680027.html,首创爱这城一二期,2室2厅,98.66平米,82万
https://cd.lianjia.com/chengjiao/CDCH92579056.html,首创爱这城三期,2室2厅,82.05平米,78万
https://cd.lianjia.com/chengjiao/CDCH89320636.html,首创爱这城四期,4室1厅,155.26平米,185万
https://cd.lianjia.com/chengjiao/CDCH91940355.html,首创爱这城一二期,3室2厅,117.33平米,129万
https://cd.lianjia.com/chengjiao/CDCH90811555.html,首创爱这城一二期,3室2厅,144.44平米,138万
https://cd.lianjia.com/chengjiao/CDCH92572906.html,万科金域蓝湾一期,2室2厅,84.6平米,94万
https://cd.lianjia.com/chengjiao/CDCH92096001.html,高地,2室2厅,85.63平米,93万
https://cd.lianjia.com/chengjiao/CDCH92070307.html,万科金域蓝湾一期,3室2厅,84.6平米,90万
https://cd.lianjia.com/chengjiao/CDCH92399385.html,万科金域蓝湾一期,2室2厅,84.53平米,81万
https://cd.lianjia.com/chengjiao/CDCH92465144.html,水岸花园,3室2厅,127.46平米,96万
https://cd.lianjia.com/chengjiao/CDCH91590906.html,万科金域蓝湾一期,2室2厅,111.11平米,200万
https://cd.lianjia.com/chengjiao/CDCH92432318.html,建设公寓,2室1厅,83.81平米,63万
https://cd.lianjia.com/chengjiao/CDCH91026108.html,首创爱这城一二期,2室1厅,65.37平米,61万
https://cd.lianjia.com/chengjiao/CDCH92493772.html,首创爱这城一二期,2室2厅,88.2平米,94万
https://cd.lianjia.com/chengjiao/CDCH92539765.html,建设南新路61号,2室1厅,73.55平米,50万
https://cd.lianjia.com/chengjiao/CDCH92521849.html,万科金域蓝湾一期,2室2厅,82.34平米,78万
https://cd.lianjia.com/chengjiao/CDCH92410459.html,佳州星城,2室1厅,70.41平米,72万
https://cd.lianjia.com/chengjiao/CDCH92469621.html,光明馨苑,2室1厅,57.53平米,49万
https://cd.lianjia.com/chengjiao/CDCH91568276.html,首创爱这城一二期,3室2厅,137.32平米,122万
https://cd.lianjia.com/chengjiao/CDCH92489130.html,高地,2室2厅,90.62平米,97万
https://cd.lianjia.com/chengjiao/CDCH89320630.html,首创爱这城四期,3室2厅,122.91平米,152万
https://cd.lianjia.com/chengjiao/CDCH89496478.html,和信融锦云湾,2室1厅,76.24平米,75万
https://cd.lianjia.com/chengjiao/CDCH92496789.html,万科金域蓝湾一期,5室3厅,171.35平米,281万
https://cd.lianjia.com/chengjiao/CDCH92299886.html,红光三区,2室2厅,66.15平米,54万
https://cd.lianjia.com/chengjiao/CDCH92414560.html,万科金域蓝湾一期,4室2厅,89.68平米,146万
https://cd.lianjia.com/chengjiao/CDCH92474186.html,高地,车位,33.8平米,12万
https://cd.lianjia.com/chengjiao/CDCH92149166.html,首创爱这城四期,3室2厅,126.69平米,150万
https://cd.lianjia.com/chengjiao/CDCH92232598.html,建设路46号院,2室2厅,67.72平米,58万
https://cd.lianjia.com/chengjiao/CDCH92247897.html,万科金域蓝湾一期,3室2厅,89.75平米,147万
https://cd.lianjia.com/chengjiao/CDCH91443334.html,首创爱这城一二期,2室2厅,89.28平米,82万
https://cd.lianjia.com/chengjiao/CDCH92124850.html,光明馨苑,2室1厅,58.27平米,43万
https://cd.lianjia.com/chengjiao/CDCH91635492.html,首创爱这城一二期,2室2厅,80.16平米,70万
https://cd.lianjia.com/chengjiao/CDCH92098308.html,首创爱这城一二期,3室2厅,117.33平米,110万
https://cd.lianjia.com/chengjiao/CDCH92093098.html,首创爱这城四期,4室2厅,155平米,254万
https://cd.lianjia.com/chengjiao/CDCH91887831.html,万科金域蓝湾一期,4室2厅,89.75平米,138万
https://cd.lianjia.com/chengjiao/CDCH91855688.html,万科金域蓝湾一期,5室1厅,171.35平米,233万
https://cd.lianjia.com/chengjiao/CDCH92030314.html,万科金域蓝湾一期,2室1厅,88.61平米,111万
https://cd.lianjia.com/chengjiao/CDCH92352528.html,万科金域蓝湾一期,2室2厅,85.47平米,86万
https://cd.lianjia.com/chengjiao/CDCH91917913.html,万科金域蓝湾一期,2室2厅,82.49平米,81万
https://cd.lianjia.com/chengjiao/CDCH91430929.html,高地,2室2厅,78.9平米,84万
https://cd.lianjia.com/chengjiao/CDCH90771865.html,万科金域蓝湾一期,2室2厅,83.84平米,93万
https://cd.lianjia.com/chengjiao/CDCH92257462.html,建南苑,3室3厅,139.19平米,94万
https://cd.lianjia.com/chengjiao/CDCH91802322.html,光明馨苑,2室2厅,98.36平米,83万
https://cd.lianjia.com/chengjiao/CDCH89215435.html,首创爱这城一二期,2室2厅,80.16平米,73万
https://cd.lianjia.com/chengjiao/CDCH92163136.html,高地,3室2厅,121.93平米,140万
https://cd.lianjia.com/chengjiao/CDCH91468069.html,光明馨苑,2室1厅,97.09平米,82万
https://cd.lianjia.com/chengjiao/CDCH90236524.html,首创爱这城一二期,2室2厅,88.2平米,80万
https://cd.lianjia.com/chengjiao/CDCH91765880.html,万科金域蓝湾一期,2室2厅,88.61平米,105万
https://cd.lianjia.com/chengjiao/CDCH91057616.html,首创爱这城一二期,2室2厅,86.05平米,80万
https://cd.lianjia.com/chengjiao/CDCH91448403.html,万科金域蓝湾一期,2室1厅,82.49平米,83万
https://cd.lianjia.com/chengjiao/CDCH91934946.html,万科金域蓝湾一期,2室2厅,85.47平米,90万
https://cd.lianjia.com/chengjiao/CDCH92129744.html,水岸花园,3室1厅,96.01平米,88万
https://cd.lianjia.com/chengjiao/CDCH92078457.html,万科金域蓝湾一期,2室2厅,80.44平米,95万
https://cd.lianjia.com/chengjiao/CDCH91886714.html,首创爱这城一二期,1室1厅,55.66平米,58万
https://cd.lianjia.com/chengjiao/CDCH89370089.html,首创爱这城一二期,3室2厅,138.94平米,124万
https://cd.lianjia.com/chengjiao/CDCH90913368.html,万科金域蓝湾一期,3室2厅,90.33平米,181万
https://cd.lianjia.com/chengjiao/CDCH90810656.html,首创爱这城三期,3室2厅,123.3平米,152万
https://cd.lianjia.com/chengjiao/CDCH91024098.html,水岸花园,3室2厅,126.28平米,114万
https://cd.lianjia.com/chengjiao/CDCH91614504.html,千和苑,3室1厅,126.33平米,102万
https://cd.lianjia.com/chengjiao/CDCH91636594.html,首创爱这城三期,2室2厅,80.27平米,70万
https://cd.lianjia.com/chengjiao/CDCH90443326.html,太阳公元一期,3室2厅,137.97平米,220万
https://cd.lianjia.com/chengjiao/CDCH91537032.html,首创爱这城一二期,2室1厅,87.36平米,74万
https://cd.lianjia.com/chengjiao/CDCH90484537.html,首创爱这城一二期,1室2厅,57.51平米,65万
https://cd.lianjia.com/chengjiao/CDCH92125341.html,高地,3室2厅,93.28平米,120万
https://cd.lianjia.com/chengjiao/CDCH91639264.html,万科金域蓝湾一期,3室2厅,89.68平米,170万
https://cd.lianjia.com/chengjiao/CDCH92071523.html,万科金域蓝湾一期,2室2厅,84.6平米,84万
https://cd.lianjia.com/chengjiao/CDCH92038249.html,万科金域蓝湾一期,4室2厅,152.02平米,275万
https://cd.lianjia.com/chengjiao/CDCH91837466.html,光明馨苑,2室1厅,56.05平米,46万
https://cd.lianjia.com/chengjiao/CDCH91962868.html,高地,3室2厅,112.6平米,95万
https://cd.lianjia.com/chengjiao/CDCH91747133.html,万科金域蓝湾一期,3室2厅,85.47平米,102万
https://cd.lianjia.com/chengjiao/CDCH90695399.html,菽香里社区,3室1厅,66.83平米,56万
https://cd.lianjia.com/chengjiao/CDCH89784128.html,万科金域蓝湾一期,2室2厅,84.71平米,81万
https://cd.lianjia.com/chengjiao/CDCH91974047.html,首创爱这城一二期,1室1厅,64.39平米,65万
https://cd.lianjia.com/chengjiao/CDCH91701393.html,首创爱这城三期,2室2厅,69.86平米,68万
https://cd.lianjia.com/chengjiao/CDCH91972426.html,高地,2室2厅,85.08平米,93万
https://cd.lianjia.com/chengjiao/CDCH91999379.html,新鸿路301号,2室1厅,63.19平米,45万
https://cd.lianjia.com/chengjiao/CDCH91854412.html,万科金域蓝湾二期,3室2厅,82.85平米,98万
https://cd.lianjia.com/chengjiao/CDCH91702595.html,水岸花园,1室2厅,62.27平米,55万
https://cd.lianjia.com/chengjiao/CDCH89352791.html,万科金域蓝湾一期,3室2厅,85.73平米,95万
https://cd.lianjia.com/chengjiao/CDCH91915841.html,万科金域蓝湾二期,3室1厅,88.3平米,170万
https://cd.lianjia.com/chengjiao/CDCH89288199.html,万科金域蓝湾一期,3室1厅,85.49平米,96万
https://cd.lianjia.com/chengjiao/CDCH91692047.html,菽香里社区,2室1厅,67.3平米,53万
https://cd.lianjia.com/chengjiao/CDCH91490940.html,高地,2室2厅,81.05平米,92万
https://cd.lianjia.com/chengjiao/CDCH91673915.html,高地,3室2厅,123.19平米,140万
https://cd.lianjia.com/chengjiao/CDCH89396824.html,首创爱这城一二期,3室2厅,140.21平米,128万
https://cd.lianjia.com/chengjiao/CDCH91687541.html,八二新区,2室2厅,60平米,50万
https://cd.lianjia.com/chengjiao/CDCH91921791.html,高地,2室2厅,89.27平米,15万
https://cd.lianjia.com/chengjiao/CDCH91623303.html,首创爱这城四期,4室2厅,157.62平米,206万
https://cd.lianjia.com/chengjiao/CDCH91189482.html,菽香里社区,3室1厅,79.16平米,58万
https://cd.lianjia.com/chengjiao/CDCH91884394.html,永年村61组,2室2厅,85.1平米,80万
https://cd.lianjia.com/chengjiao/CDCH91826432.html,万科金域蓝湾二期,3室2厅,109.23平米,149万
https://cd.lianjia.com/chengjiao/CDCH91673200.html,万科金域蓝湾一期,3室2厅,85.49平米,116万
https://cd.lianjia.com/chengjiao/CDCH89288311.html,万科金域蓝湾一期,2室1厅,82.49平米,72万
https://cd.lianjia.com/chengjiao/CDCH91034312.html,首创爱这城三期,3室2厅,123.27平米,110万
https://cd.lianjia.com/chengjiao/CDCH90289967.html,菽香里社区,3室1厅,85.65平米,62万
https://cd.lianjia.com/chengjiao/CDCH91707142.html,万科金域蓝湾一期,3室2厅,84.6平米,103万
https://cd.lianjia.com/chengjiao/CDCH90939971.html,菽香里社区,2室1厅,53.08平米,41万
https://cd.lianjia.com/chengjiao/CDCH91768669.html,万科金域蓝湾一期,4室2厅,152.02平米,258万
https://cd.lianjia.com/chengjiao/CDCH91754808.html,红光三区,2室2厅,63.63平米,50万
https://cd.lianjia.com/chengjiao/CDCH91697682.html,首创爱这城一二期,2室1厅,89.73平米,85万
https://cd.lianjia.com/chengjiao/CDCH91504346.html,太阳公元一期,3室2厅,108.97平米,157万
https://cd.lianjia.com/chengjiao/CDCH90885101.html,高地,2室2厅,80.69平米,92万
https://cd.lianjia.com/chengjiao/CDCH91529719.html,欣苑(成华),2室2厅,95.36平米,67万
https://cd.lianjia.com/chengjiao/CDCH91346162.html,首创爱这城四期,3室1厅,128.57平米,152万
https://cd.lianjia.com/chengjiao/CDCH90962097.html,首创爱这城一二期,2室2厅,89.42平米,82万
https://cd.lianjia.com/chengjiao/CDCH91704568.html,万科金域蓝湾一期,3室2厅,94.6平米,92万
https://cd.lianjia.com/chengjiao/CDCH91650125.html,万科金域蓝湾一期,3室2厅,87.42平米,145万
https://cd.lianjia.com/chengjiao/CDCH91690524.html,高地,3室2厅,125.38平米,157万
https://cd.lianjia.com/chengjiao/CDCH91636208.html,菽香里社区,3室1厅,81.19平米,64万
https://cd.lianjia.com/chengjiao/CDCH89374870.html,高地,4室1厅,172.71平米,249万
https://cd.lianjia.com/chengjiao/CDCH90925967.html,万科金域蓝湾一期,3室2厅,89.76平米,198万
https://cd.lianjia.com/chengjiao/CDCH91065910.html,首创爱这城一二期,2室1厅,89.47平米,84万
https://cd.lianjia.com/chengjiao/CDCH90911021.html,首创爱这城一二期,2室2厅,88.2平米,81万
https://cd.lianjia.com/chengjiao/CDCH91446355.html,首创爱这城四期,3室2厅,125.55平米,142万
https://cd.lianjia.com/chengjiao/CDCH91112936.html,首创爱这城一二期,1室1厅,62.81平米,62万
https://cd.lianjia.com/chengjiao/CDCH91583492.html,万科金域蓝湾一期,2室1厅,82.49平米,75万
https://cd.lianjia.com/chengjiao/CDCH90948987.html,万科金域蓝湾二期,3室2厅,109.32平米,138万
https://cd.lianjia.com/chengjiao/CDCH91004456.html,首创爱这城一二期,2室2厅,93.28平米,72万
https://cd.lianjia.com/chengjiao/CDCH91105232.html,菽香里社区,2室1厅,57.26平米,47万
https://cd.lianjia.com/chengjiao/CDCH91389061.html,欣苑(成华),3室2厅,118.7平米,98万
https://cd.lianjia.com/chengjiao/CDCH89216078.html,首创爱这城一二期,3室2厅,144.44平米,139万
https://cd.lianjia.com/chengjiao/CDCH91398757.html,万科金域蓝湾一期,3室2厅,90.43平米,168万
https://cd.lianjia.com/chengjiao/CDCH89615771.html,万科金域蓝湾二期,3室2厅,91.17平米,159万
https://cd.lianjia.com/chengjiao/CDCH91160119.html,万科金域蓝湾一期,4室2厅,89.75平米,199万
https://cd.lianjia.com/chengjiao/CDCH90745906.html,万科金域蓝湾一期,3室2厅,90.7平米,146万
https://cd.lianjia.com/chengjiao/CDCH91029461.html,红光三区,2室1厅,64.63平米,49万
https://cd.lianjia.com/chengjiao/CDCH91212780.html,光明馨苑,2室2厅,98.49平米,87万
https://cd.lianjia.com/chengjiao/CDCH91074445.html,首创爱这城三期,2室2厅,70.91平米,72万
https://cd.lianjia.com/chengjiao/CDCH90996808.html,首创爱这城一二期,2室2厅,89.47平米,81万
https://cd.lianjia.com/chengjiao/CDCH91440546.html,红光小区(成华),3室1厅,76.01平米,59万
https://cd.lianjia.com/chengjiao/CDCH91247264.html,高地,2室2厅,77.42平米,85万
https://cd.lianjia.com/chengjiao/CDCH90075608.html,高地,2室2厅,105.46平米,143万
https://cd.lianjia.com/chengjiao/CDCH90971115.html,首创爱这城一二期,2室2厅,80.16平米,74万
https://cd.lianjia.com/chengjiao/CDCH91147888.html,新鸿路301号,1室1厅,32.26平米,29万
https://cd.lianjia.com/chengjiao/CDCH89349137.html,欣苑(成华),4室2厅,95.49平米,84万
https://cd.lianjia.com/chengjiao/CDCH89285771.html,万科金域蓝湾一期,2室1厅,85.47平米,87万
https://cd.lianjia.com/chengjiao/CDCH89530131.html,欣苑(成华),2室2厅,92.15平米,79万
https://cd.lianjia.com/chengjiao/CDCH89285379.html,万科金域蓝湾一期,2室1厅,80.44平米,82万
https://cd.lianjia.com/chengjiao/CDCH90913474.html,高地,2室2厅,88.51平米,85万
https://cd.lianjia.com/chengjiao/CDCH91203854.html,欣苑(成华),2室1厅,95.15平米,78万
https://cd.lianjia.com/chengjiao/CDCH90815776.html,菽香里社区,3室1厅,79.22平米,48万
https://cd.lianjia.com/chengjiao/CDCH89388533.html,首创爱这城一二期,2室2厅,84.62平米,69万
https://cd.lianjia.com/chengjiao/CDCH89290851.html,万科金域蓝湾一期,2室1厅,84.7平米,89万
https://cd.lianjia.com/chengjiao/CDCH89224116.html,首创爱这城三期,2室2厅,81.12平米,74万
https://cd.lianjia.com/chengjiao/CDCH91057272.html,八二宿舍二区,1室1厅,57平米,46万
https://cd.lianjia.com/chengjiao/CDCH91069122.html,建设南新路22号,2室1厅,52.53平米,39万
https://cd.lianjia.com/chengjiao/CDCH91160590.html,首创爱这城一二期,4室2厅,144.44平米,117万
https://cd.lianjia.com/chengjiao/CDCH91151402.html,水岸花园,2室1厅,86.99平米,77万
https://cd.lianjia.com/chengjiao/CDCH91114468.html,万科金域蓝湾一期,3室2厅,89.3平米,87万
https://cd.lianjia.com/chengjiao/CDCH89631645.html,首创爱这城一二期,2室2厅,86.69平米,67万
https://cd.lianjia.com/chengjiao/CDCH90239713.html,万科金域蓝湾一期,4室2厅,171平米,328万
https://cd.lianjia.com/chengjiao/CDCH89946832.html,首创爱这城三期,2室2厅,82.41平米,74万
https://cd.lianjia.com/chengjiao/CDCH89993872.html,水岸花园,3室2厅,95.78平米,80万
https://cd.lianjia.com/chengjiao/CDCH90917240.html,菽香里社区,3室2厅,57.26平米,44万
https://cd.lianjia.com/chengjiao/CDCH89671816.html,水岸花园,4室2厅,144.38平米,105万
https://cd.lianjia.com/chengjiao/CDCH90230118.html,首创爱这城三期,2室1厅,81.67平米,69万
https://cd.lianjia.com/chengjiao/CDCH89488736.html,万科金域蓝湾一期,2室1厅,84.53平米,88万
https://cd.lianjia.com/chengjiao/CDCH89220479.html,水岸花园,2室1厅,77.78平米,67万
https://cd.lianjia.com/chengjiao/CDCH90828623.html,高地,2室1厅,77.65平米,78万
https://cd.lianjia.com/chengjiao/CDCH89352267.html,首创爱这城一二期,1室1厅,55.34平米,41万
https://cd.lianjia.com/chengjiao/CDCH89215305.html,高地,2室1厅,85.53平米,97万
https://cd.lianjia.com/chengjiao/CDCH90792121.html,高地,2室1厅,81.45平米,90万
https://cd.lianjia.com/chengjiao/CDCH90885470.html,首创爱这城一二期,3室2厅,117.33平米,109万
https://cd.lianjia.com/chengjiao/CDCH90634474.html,万科金域蓝湾一期,2室2厅,84.6平米,82万
https://cd.lianjia.com/chengjiao/CDCH90808129.html,万科金域蓝湾一期,2室2厅,80.44平米,89万
https://cd.lianjia.com/chengjiao/CDCH89791343.html,高地,2室1厅,81.16平米,82万
https://cd.lianjia.com/chengjiao/CDCH90584662.html,建设路46号院,2室1厅,59.59平米,51万
https://cd.lianjia.com/chengjiao/CDCH89780137.html,菽香里社区,3室1厅,82.9平米,62万
https://cd.lianjia.com/chengjiao/CDCH89878450.html,首创爱这城一二期,3室2厅,117平米,113万
https://cd.lianjia.com/chengjiao/CDCH90445061.html,红光三区,2室2厅,63.63平米,50万
https://cd.lianjia.com/chengjiao/CDCH90669715.html,欣苑(成华),3室1厅,118.86平米,95万
https://cd.lianjia.com/chengjiao/CDCH90649895.html,红光小区(成华),3室1厅,75.8平米,61万
https://cd.lianjia.com/chengjiao/CDCH90491929.html,首创爱这城一二期,2室1厅,94平米,83万
https://cd.lianjia.com/chengjiao/CDCH90579512.html,建设南新路61号,3室1厅,85.74平米,65万
https://cd.lianjia.com/chengjiao/CDCH89910993.html,建设南新路61号,2室2厅,73.55平米,53万
https://cd.lianjia.com/chengjiao/CDCH90374846.html,首创爱这城四期,4室2厅,157平米,182万
https://cd.lianjia.com/chengjiao/CDCH89915281.html,欣苑(成华),1室1厅,74.2平米,50万
https://cd.lianjia.com/chengjiao/CDCH90174064.html,红光小区(成华),2室2厅,54.8平米,47万
https://cd.lianjia.com/chengjiao/CDCH89930985.html,万科金域蓝湾二期,3室1厅,85平米,95万
https://cd.lianjia.com/chengjiao/CDCH89320637.html,首创爱这城四期,3室2厅,129.92平米,148万
https://cd.lianjia.com/chengjiao/CDCH89325099.html,首创爱这城四期,3室2厅,129.9平米,143万
https://cd.lianjia.com/chengjiao/CDCH89320628.html,首创爱这城四期,3室1厅,128平米,144万
https://cd.lianjia.com/chengjiao/CDCH89222237.html,菽香里社区,3室1厅,71.4平米,43万
https://cd.lianjia.com/chengjiao/CDCH89549024.html,千和苑,3室1厅,111.88平米,81万
https://cd.lianjia.com/chengjiao/CDCH89244103.html,首创爱这城一二期,3室2厅,115平米,112万
https://cd.lianjia.com/chengjiao/CDCH89548983.html,新鸿路317号,1室1厅,60.75平米,46万
https://cd.lianjia.com/chengjiao/CDCH90292114.html,首创爱这城一二期,1室1厅,57.51平米,56万
https://cd.lianjia.com/chengjiao/CDCH90101276.html,首创爱这城四期,3室2厅,129.74平米,138万
https://cd.lianjia.com/chengjiao/CDCH89285409.html,万科金域蓝湾一期,2室2厅,85平米,85万
https://cd.lianjia.com/chengjiao/CDCH90081303.html,首创爱这城三期,2室2厅,80平米,72万
https://cd.lianjia.com/chengjiao/CDCH89343558.html,万科金域蓝湾一期,3室2厅,85平米,103万
https://cd.lianjia.com/chengjiao/CDCH89245334.html,首创爱这城一二期,2室2厅,93.5平米,82万
https://cd.lianjia.com/chengjiao/CDCH89342408.html,首创爱这城一二期,2室1厅,88平米,68万
https://cd.lianjia.com/chengjiao/CDCH89448732.html,首创爱这城一二期,1室1厅,63.76平米,64万
https://cd.lianjia.com/chengjiao/CDCH89952306.html,万科金域蓝湾一期,3室2厅,85平米,103万
https://cd.lianjia.com/chengjiao/CDCH89344936.html,水岸花园,3室2厅,127平米,99万
https://cd.lianjia.com/chengjiao/CDCH89554555.html,首创爱这城一二期,3室2厅,138平米,122万
https://cd.lianjia.com/chengjiao/CDCH89215840.html,首创爱这城一二期,2室1厅,88.33平米,71万
https://cd.lianjia.com/chengjiao/CDCH89518713.html,万科金域蓝湾一期,3室1厅,85平米,108万
https://cd.lianjia.com/chengjiao/CDCH89286192.html,万科金域蓝湾一期,3室2厅,87平米,127万
https://cd.lianjia.com/chengjiao/CDCH89868258.html,万科金域蓝湾一期,2室2厅,85平米,75万
https://cd.lianjia.com/chengjiao/CDCH89841309.html,菽香里社区,2室1厅,68.66平米,57万
https://cd.lianjia.com/chengjiao/CDCH89783295.html,万科金域蓝湾一期,2室1厅,85平米,96万
https://cd.lianjia.com/chengjiao/CDCH89336732.html,万科金域蓝湾一期,3室2厅,85平米,92万
https://cd.lianjia.com/chengjiao/CDCH89222172.html,首创爱这城一二期,2室1厅,89平米,84万
https://cd.lianjia.com/chengjiao/CDCH89326221.html,首创爱这城四期,4室2厅,159.35平米,198万
https://cd.lianjia.com/chengjiao/CDCH89216170.html,首创爱这城三期,2室2厅,82平米,77万
https://cd.lianjia.com/chengjiao/CDCH89556046.html,欣苑(成华),3室1厅,92平米,74万
https://cd.lianjia.com/chengjiao/CDCH89378829.html,欣苑(成华),1室1厅,74平米,52万
https://cd.lianjia.com/chengjiao/CDCH89213350.html,首创爱这城一二期,3室2厅,138平米,123万
https://cd.lianjia.com/chengjiao/CDCH89643804.html,首创爱这城一二期,1室0厅,34.07平米,15万
https://cd.lianjia.com/chengjiao/CDCH89345846.html,首创爱这城一二期,3室2厅,142.92平米,142万
https://cd.lianjia.com/chengjiao/CDCH89217858.html,菽香里社区,2室1厅,51.98平米,41万
https://cd.lianjia.com/chengjiao/CDCH89216278.html,菽香里社区,2室1厅,73平米,55万
https://cd.lianjia.com/chengjiao/CDCH89285450.html,万科金域蓝湾一期,3室1厅,107.2平米,195万
https://cd.lianjia.com/chengjiao/CDCH89286127.html,万科金域蓝湾一期,3室1厅,90平米,155万
https://cd.lianjia.com/chengjiao/CD0000673810.html,首创爱这城四期,4室2厅,125.36平米,145万
https://cd.lianjia.com/chengjiao/CD0000661677.html,万科金域蓝湾一期,2室1厅,82.49平米,81万
https://cd.lianjia.com/chengjiao/CD0000644667.html,高地,--室--厅,67.36平米,62万
https://cd.lianjia.com/chengjiao/CD0000654614.html,千和苑,2室2厅,93.81平米,76万
https://cd.lianjia.com/chengjiao/CD0000626652.html,首创爱这城一二期,2室2厅,86平米,70万
https://cd.lianjia.com/chengjiao/CD0000626661.html,首创爱这城一二期,2室2厅,94平米,82万
https://cd.lianjia.com/chengjiao/CD0000626658.html,首创爱这城一二期,2室2厅,94平米,74万
https://cd.lianjia.com/chengjiao/CD0000626605.html,首创爱这城一二期,2室2厅,104平米,77万
https://cd.lianjia.com/chengjiao/CD0000639404.html,高地,3室2厅,121.64平米,125万
https://cd.lianjia.com/chengjiao/CD0000626705.html,首创爱这城三期,2室2厅,70平米,61万
https://cd.lianjia.com/chengjiao/CD0000626553.html,首创爱这城一二期,2室2厅,104平米,78万
https://cd.lianjia.com/chengjiao/CD0000626676.html,首创爱这城一二期,2室1厅,88平米,80万
https://cd.lianjia.com/chengjiao/CD0000661653.html,万科金域蓝湾一期,2室2厅,85.47平米,85万
https://cd.lianjia.com/chengjiao/CD0000626545.html,首创爱这城一二期,1室1厅,63平米,54万
https://cd.lianjia.com/chengjiao/CD0000626614.html,首创爱这城一二期,2室1厅,86.63平米,78万
https://cd.lianjia.com/chengjiao/CD0000626531.html,首创爱这城一二期,1室1厅,64平米,56万
https://cd.lianjia.com/chengjiao/CD0000626619.html,首创爱这城一二期,3室2厅,115.35平米,124万
https://cd.lianjia.com/chengjiao/CD0000661651.html,万科金域蓝湾一期,3室2厅,90平米,145万
https://cd.lianjia.com/chengjiao/CD0000626525.html,首创爱这城一二期,3室2厅,117平米,130万
https://cd.lianjia.com/chengjiao/CD0000626682.html,首创爱这城三期,2室1厅,82平米,75万
https://cd.lianjia.com/chengjiao/CD0000661644.html,万科金域蓝湾一期,3室2厅,90平米,185万
https://cd.lianjia.com/chengjiao/CD0000661642.html,万科金域蓝湾一期,3室2厅,90平米,150万
https://cd.lianjia.com/chengjiao/CD0000626685.html,首创爱这城三期,2室1厅,81.67平米,64万
https://cd.lianjia.com/chengjiao/CD0000626536.html,首创爱这城一二期,2室1厅,104平米,77万
https://cd.lianjia.com/chengjiao/CD0000658840.html,菽香里社区,2室1厅,49平米,43万
https://cd.lianjia.com/chengjiao/CD0000626711.html,首创爱这城三期,2室1厅,80平米,66万
https://cd.lianjia.com/chengjiao/CD0000626542.html,首创爱这城一二期,1室1厅,63平米,58万
https://cd.lianjia.com/chengjiao/CD0000661641.html,万科金域蓝湾一期,2室1厅,89平米,89万
https://cd.lianjia.com/chengjiao/CD0000626611.html,首创爱这城一二期,1室1厅,56平米,49万
https://cd.lianjia.com/chengjiao/CD0000626646.html,首创爱这城一二期,2室1厅,89平米,66万
https://cd.lianjia.com/chengjiao/CD0000626574.html,首创爱这城一二期,2室2厅,89平米,71万
https://cd.lianjia.com/chengjiao/CD0000626533.html,首创爱这城一二期,2室2厅,104.9平米,82万
https://cd.lianjia.com/chengjiao/CD0000661652.html,万科金域蓝湾一期,3室2厅,90平米,121万
https://cd.lianjia.com/chengjiao/CD0000626608.html,首创爱这城一二期,2室2厅,87平米,70万
https://cd.lianjia.com/chengjiao/CD0000661633.html,万科金域蓝湾一期,4室2厅,107平米,217万
https://cd.lianjia.com/chengjiao/CD0000661663.html,万科金域蓝湾一期,2室2厅,82平米,76万
https://cd.lianjia.com/chengjiao/CD0000661656.html,万科金域蓝湾一期,2室2厅,78平米,69万
https://cd.lianjia.com/chengjiao/CD0000661645.html,万科金域蓝湾一期,3室1厅,85.39平米,96万
https://cd.lianjia.com/chengjiao/CD0000626720.html,首创爱这城四期,3室2厅,127平米,156万
https://cd.lianjia.com/chengjiao/CD0000661667.html,万科金域蓝湾一期,3室2厅,84平米,82万
https://cd.lianjia.com/chengjiao/CD0000661671.html,万科金域蓝湾一期,3室2厅,84.7平米,104万
https://cd.lianjia.com/chengjiao/CD0000626637.html,首创爱这城一二期,2室2厅,89.73平米,66万
https://cd.lianjia.com/chengjiao/CD0000626617.html,首创爱这城一二期,2室1厅,86.9平米,76万
https://cd.lianjia.com/chengjiao/CD0000661647.html,万科金域蓝湾一期,2室2厅,85平米,81万
https://cd.lianjia.com/chengjiao/CD0000626649.html,首创爱这城一二期,2室2厅,86.05平米,78万
https://cd.lianjia.com/chengjiao/CD0000626643.html,首创爱这城一二期,2室2厅,89.6平米,75万
https://cd.lianjia.com/chengjiao/CD0000661650.html,万科金域蓝湾一期,3室2厅,90平米,163万
https://cd.lianjia.com/chengjiao/CD0000661676.html,万科金域蓝湾一期,3室2厅,91平米,138万
https://cd.lianjia.com/chengjiao/CD0000661638.html,万科金域蓝湾一期,2室2厅,89平米,92万
https://cd.lianjia.com/chengjiao/CD0000626625.html,首创爱这城一二期,2室2厅,88.29平米,88万
https://cd.lianjia.com/chengjiao/CD0000626522.html,首创爱这城一二期,3室2厅,138平米,135万
https://cd.lianjia.com/chengjiao/CD0000626596.html,首创爱这城一二期,2室2厅,88平米,71万
https://cd.lianjia.com/chengjiao/CD0000661643.html,万科金域蓝湾一期,2室1厅,89.6平米,86万
https://cd.lianjia.com/chengjiao/CD0000644670.html,亚光小区,2室1厅,61.17平米,47万
https://cd.lianjia.com/chengjiao/CD0000661660.html,万科金域蓝湾一期,2室1厅,80.29平米,71万
https://cd.lianjia.com/chengjiao/CD0000644668.html,亚光小区,2室1厅,61.17平米,46万
https://cd.lianjia.com/chengjiao/CD0000661657.html,万科金域蓝湾一期,2室1厅,81平米,71万
https://cd.lianjia.com/chengjiao/CD0000655629.html,和信融锦云湾,2室2厅,79.9平米,80万
https://cd.lianjia.com/chengjiao/CD0000644666.html,建设路46号院,1室1厅,52平米,41万
https://cd.lianjia.com/chengjiao/CD0000664343.html,新鸿北支路2号,2室1厅,54平米,52万
https://cd.lianjia.com/chengjiao/CD0000661632.html,万科金域蓝湾一期,4室2厅,171平米,230万
https://cd.lianjia.com/chengjiao/CD0000661668.html,万科金域蓝湾一期,3室1厅,89.68平米,128万
https://cd.lianjia.com/chengjiao/CD0000626564.html,首创爱这城一二期,2室1厅,88.22平米,75万
https://cd.lianjia.com/chengjiao/CD0000661674.html,万科金域蓝湾一期,3室1厅,90平米,136万
https://cd.lianjia.com/chengjiao/CD0000626726.html,首创爱这城四期,3室2厅,131.25平米,173万
https://cd.lianjia.com/chengjiao/CD0000659451.html,水岸花园,3室2厅,98平米,86万
https://cd.lianjia.com/chengjiao/CD0000626558.html,首创爱这城一二期,1室1厅,64平米,70万
https://cd.lianjia.com/chengjiao/CD0000626555.html,首创爱这城一二期,1室1厅,64平米,70万
https://cd.lianjia.com/chengjiao/CD0000626583.html,首创爱这城一二期,2室2厅,98.66平米,81万
https://cd.lianjia.com/chengjiao/CD0000661684.html,万科金域蓝湾二期,3室2厅,90平米,165万
https://cd.lianjia.com/chengjiao/CD0000661654.html,万科金域蓝湾一期,2室2厅,82.34平米,76万
https://cd.lianjia.com/chengjiao/CD0000661666.html,万科金域蓝湾一期,3室2厅,85平米,98万
https://cd.lianjia.com/chengjiao/CD0000661683.html,万科金域蓝湾二期,3室1厅,84.67平米,87万
https://cd.lianjia.com/chengjiao/CD0000626694.html,首创爱这城三期,2室2厅,70.92平米,70万
https://cd.lianjia.com/chengjiao/CD0000626691.html,首创爱这城三期,2室2厅,70平米,73万
https://cd.lianjia.com/chengjiao/CD0000661658.html,万科金域蓝湾一期,2室1厅,85.57平米,92万
https://cd.lianjia.com/chengjiao/CD0000661686.html,万科金域蓝湾二期,3室1厅,88.3平米,158万
https://cd.lianjia.com/chengjiao/CD0000626581.html,首创爱这城一二期,2室1厅,89.25平米,97万
https://cd.lianjia.com/chengjiao/CD0000661680.html,万科金域蓝湾一期,2室2厅,91.1平米,107万
https://cd.lianjia.com/chengjiao/CD0000661665.html,万科金域蓝湾一期,--室--厅,285平米,588万
https://cd.lianjia.com/chengjiao/CD0000644669.html,亚光小区,1室2厅,61.17平米,54万
https://cd.lianjia.com/chengjiao/CD0000626729.html,首创爱这城四期,4室2厅,159.54平米,180万
https://cd.lianjia.com/chengjiao/CD0000661675.html,万科金域蓝湾一期,2室2厅,82.49平米,85万
https://cd.lianjia.com/chengjiao/CD0000661639.html,万科金域蓝湾一期,3室2厅,90平米,156万
https://cd.lianjia.com/chengjiao/CD0000664345.html,新鸿路301号,2室2厅,94.99平米,69万
https://cd.lianjia.com/chengjiao/CD0000659452.html,水岸花园,2室0厅,78平米,65万
https://cd.lianjia.com/chengjiao/CD0000661678.html,万科金域蓝湾一期,2室2厅,81平米,95万
https://cd.lianjia.com/chengjiao/CD0000664346.html,新鸿路317号,2室1厅,62.84平米,55万
https://cd.lianjia.com/chengjiao/CD0000661669.html,万科金域蓝湾一期,3室2厅,90平米,133万
https://cd.lianjia.com/chengjiao/CD0000626667.html,首创爱这城一二期,3室2厅,115.46平米,125万
https://cd.lianjia.com/chengjiao/CD0000626628.html,首创爱这城一二期,2室2厅,89.55平米,86万
https://cd.lianjia.com/chengjiao/CD0000626700.html,首创爱这城三期,2室1厅,70.03平米,72万
https://cd.lianjia.com/chengjiao/CD0000626539.html,首创爱这城一二期,1室1厅,59.82平米,70万
https://cd.lianjia.com/chengjiao/CD0000640451.html,光明馨苑,3室2厅,93.7平米,93万
https://cd.lianjia.com/chengjiao/CD0000626664.html,首创爱这城一二期,3室2厅,115.24平米,99万
https://cd.lianjia.com/chengjiao/CD0000658841.html,菽香里社区,2室1厅,50.54平米,44万
https://cd.lianjia.com/chengjiao/CD0000626593.html,首创爱这城一二期,2室2厅,80.05平米,68万
https://cd.lianjia.com/chengjiao/CD0000661670.html,万科金域蓝湾一期,--室--厅,155平米,592万
https://cd.lianjia.com/chengjiao/CD0000661637.html,万科金域蓝湾一期,3室2厅,90平米,165万
https://cd.lianjia.com/chengjiao/CD0000661673.html,万科金域蓝湾一期,2室2厅,83平米,90万
https://cd.lianjia.com/chengjiao/CD0000661649.html,万科金域蓝湾一期,3室2厅,85平米,101万
https://cd.lianjia.com/chengjiao/CD0000640453.html,光明馨苑,2室2厅,80.68平米,60万
https://cd.lianjia.com/chengjiao/CD0000626578.html,首创爱这城一二期,1室2厅,54平米,47万
https://cd.lianjia.com/chengjiao/CD0000626622.html,首创爱这城一二期,2室2厅,89平米,87万
https://cd.lianjia.com/chengjiao/CD0000626640.html,首创爱这城一二期,2室2厅,89平米,76万
https://cd.lianjia.com/chengjiao/CD0000626550.html,首创爱这城一二期,2室2厅,89平米,75万
https://cd.lianjia.com/chengjiao/CD0000661646.html,万科金域蓝湾一期,3室2厅,90平米,140万
https://cd.lianjia.com/chengjiao/CD0000661659.html,万科金域蓝湾一期,2室2厅,82.33平米,90万
https://cd.lianjia.com/chengjiao/CD0000661634.html,万科金域蓝湾一期,4室2厅,151.2平米,197万
https://cd.lianjia.com/chengjiao/CD0000658839.html,菽香里社区,2室2厅,49.69平米,45万
https://cd.lianjia.com/chengjiao/CD0000626527.html,首创爱这城一二期,3室1厅,140.39平米,116万
https://cd.lianjia.com/chengjiao/CD0000626571.html,首创爱这城一二期,2室2厅,93.5平米,82万
https://cd.lianjia.com/chengjiao/CD0000661685.html,万科金域蓝湾二期,2室2厅,90.01平米,93万
https://cd.lianjia.com/chengjiao/CD0000661640.html,万科金域蓝湾一期,2室2厅,84.33平米,102万
https://cd.lianjia.com/chengjiao/CD0000626708.html,首创爱这城三期,2室1厅,82.13平米,81万
https://cd.lianjia.com/chengjiao/CD0000661635.html,万科金域蓝湾一期,4室2厅,151平米,240万
https://cd.lianjia.com/chengjiao/CD0000626590.html,首创爱这城一二期,1室1厅,63.67平米,61万
https://cd.lianjia.com/chengjiao/CD0000654616.html,千和苑,3室1厅,111.88平米,92万
https://cd.lianjia.com/chengjiao/CD0000626717.html,首创爱这城四期,3室2厅,126.26平米,130万
https://cd.lianjia.com/chengjiao/CD0000626569.html,首创爱这城一二期,2室2厅,85.47平米,73万
https://cd.lianjia.com/chengjiao/CD0000661664.html,万科金域蓝湾一期,4室2厅,91.03平米,145万
https://cd.lianjia.com/chengjiao/CD0000661662.html,万科金域蓝湾一期,3室2厅,91.04平米,135万
https://cd.lianjia.com/chengjiao/CD0000626688.html,首创爱这城三期,2室1厅,70.92平米,74万
https://cd.lianjia.com/chengjiao/CD0000626673.html,首创爱这城一二期,3室2厅,115平米,125万
https://cd.lianjia.com/chengjiao/CD0000661672.html,万科金域蓝湾一期,2室2厅,83.28平米,76万
https://cd.lianjia.com/chengjiao/CD0000661682.html,万科金域蓝湾二期,3室2厅,90平米,130万
https://cd.lianjia.com/chengjiao/CD0000626670.html,首创爱这城一二期,2室2厅,87.55平米,93万
https://cd.lianjia.com/chengjiao/CD0000661636.html,万科金域蓝湾一期,4室2厅,151平米,191万
https://cd.lianjia.com/chengjiao/CD0000626697.html,首创爱这城三期,2室2厅,82.2平米,77万
https://cd.lianjia.com/chengjiao/CD0000626723.html,首创爱这城四期,3室1厅,138.96平米,138万
https://cd.lianjia.com/chengjiao/CD0000626679.html,首创爱这城一二期,3室2厅,144.31平米,131万
https://cd.lianjia.com/chengjiao/CD0000626714.html,首创爱这城三期,2室1厅,80平米,72万
https://cd.lianjia.com/chengjiao/CD0000626655.html,首创爱这城一二期,1室1厅,57.76平米,58万
https://cd.lianjia.com/chengjiao/CD0000626634.html,首创爱这城一二期,2室1厅,88.46平米,76万
https://cd.lianjia.com/chengjiao/CD0000661648.html,万科金域蓝湾一期,3室2厅,90平米,150万
https://cd.lianjia.com/chengjiao/CD0000654615.html,千和苑,3室1厅,111.88平米,87万
https://cd.lianjia.com/chengjiao/CD0000661661.html,万科金域蓝湾一期,2室2厅,80.44平米,93万
https://cd.lianjia.com/chengjiao/CD0000626602.html,首创爱这城一二期,3室2厅,106平米,99万
https://cd.lianjia.com/chengjiao/CD0000661681.html,万科金域蓝湾一期,2室1厅,91.1平米,99万
https://cd.lianjia.com/chengjiao/CD0000661631.html,万科金域蓝湾一期,4室2厅,151平米,198万
https://cd.lianjia.com/chengjiao/CD0000626586.html,首创爱这城一二期,1室1厅,57平米,62万
https://cd.lianjia.com/chengjiao/CD0000654311.html,红光一区,4室1厅,97.3平米,69万
https://cd.lianjia.com/chengjiao/CD0000626561.html,首创爱这城一二期,1室1厅,64平米,60万
https://cd.lianjia.com/chengjiao/CD0000626599.html,首创爱这城一二期,3室2厅,140.21平米,142万
https://cd.lianjia.com/chengjiao/CD0000661679.html,万科金域蓝湾一期,2室2厅,83.84平米,87万
https://cd.lianjia.com/chengjiao/CD0000661655.html,万科金域蓝湾一期,2室2厅,79平米,88万
https://cd.lianjia.com/chengjiao/CD0000644671.html,亚光小区,2室1厅,73平米,59万
https://cd.lianjia.com/chengjiao/CD0000661687.html,万科金域蓝湾一期,3室2厅,90平米,147万
https://cd.lianjia.com/chengjiao/CD0000626735.html,首创爱这城一二期,2室1厅,88平米,92万
https://cd.lianjia.com/chengjiao/CD0000626732.html,首创爱这城一二期,1室1厅,57平米,65万
https://cd.lianjia.com/chengjiao/CD0000661688.html,万科金域蓝湾一期,3室2厅,90平米,185万
https://cd.lianjia.com/chengjiao/CD0000661690.html,万科金域蓝湾一期,2室2厅,78平米,90万
https://cd.lianjia.com/chengjiao/CD0000644672.html,亚光小区,2室1厅,73平米,60万
https://cd.lianjia.com/chengjiao/CD0000661691.html,万科金域蓝湾一期,3室2厅,85平米,100万
https://cd.lianjia.com/chengjiao/CD0000661689.html,万科金域蓝湾一期,2室2厅,85平米,95万
